Date,Close,High,Low,Open,Volume
2009-02-11,3.45,3.45,3.38,3.38,0
2009-02-12,3.45,3.56,3.45,3.5,0
2009-02-13,3.77,3.77,3.63,3.65,0
2009-02-16,3.53,3.71,3.53,3.7,0
2009-02-17,3.33,3.54,3.33,3.54,0
2009-02-18,3.13,3.41,3.13,3.36,0
2009-02-19,3.08,3.23,3.08,3.22,0
2009-02-20,2.92,3.11,2.92,3.11,0
2009-02-25,3.2,3.2,3.07,3.1,0
2009-02-26,3.38,3.38,3.1,3.1,0
2009-02-27,3.34,3.34,3.23,3.27,0
2009-03-06,3.12,3.25,3.12,3.25,0
2009-03-09,3.18,3.18,3.13,3.13,0
2009-03-10,3.18,3.18,3.0,3.09,0
2009-03-11,3.22,3.22,3.09,3.09,0
2009-03-12,3.21,3.21,3.1,3.14,0
2009-03-13,3.13,3.24,3.13,3.2,0
2009-03-16,3.7,3.7,3.36,3.36,0
2009-03-17,3.44,3.58,3.44,3.46,0
2009-03-18,3.33,3.57,3.33,3.57,0
2009-03-19,3.23,3.4,3.23,3.4,0
2009-03-20,3.07,3.25,3.07,3.23,0
2009-04-01,3.08,3.08,2.99,2.99,0
2009-04-02,3.29,3.29,3.13,3.13,0
2009-04-03,3.37,3.37,3.22,3.28,0
2009-04-06,3.17,3.34,3.17,3.34,0
2009-04-07,3.17,3.3,3.17,3.22,0
2009-04-08,3.23,3.23,3.12,3.18,0
2009-04-09,3.97,3.97,3.25,3.26,0
2009-04-16,4.12,4.56,4.12,4.55,0
2009-04-17,4.33,4.33,4.04,4.25,0
2009-04-20,3.97,4.18,3.97,4.11,0
2009-04-21,3.92,3.92,3.61,3.81,0
2009-04-22,3.84,4.02,3.84,3.91,0
2009-04-23,4.04,4.04,3.92,3.95,0
2009-04-24,4.07,4.07,3.96,3.97,0
2009-04-27,4.06,4.06,3.9,3.95,0
2009-04-28,3.85,4.0,3.85,4.0,0
2009-04-29,4.05,4.05,3.93,4.02,0
2009-04-30,4.23,4.23,3.96,4.07,0
2009-05-05,4.79,4.79,4.41,4.5,0
2009-05-06,4.6,4.83,4.6,4.71,0
2009-05-07,5.06,5.06,4.71,4.71,0
2009-05-08,5.73,5.73,5.0,5.0,0
2009-05-14,4.97,5.27,4.97,5.15,0
2009-05-15,5.0,5.28,5.0,5.18,0
2009-05-18,5.07,5.3,5.07,5.22,0
2009-05-19,5.23,5.43,5.23,5.29,0
2009-05-20,5.3,5.51,5.3,5.47,0
2009-05-21,5.03,5.31,5.03,5.31,0
2009-05-22,5.4,5.4,5.06,5.06,0
2009-05-25,5.3,5.3,5.25,5.25,0
2009-05-26,5.06,5.34,5.06,5.25,0
2009-05-27,5.11,5.29,5.11,5.2,0
2009-05-28,5.04,5.15,5.04,5.15,0
2009-05-29,4.95,5.13,4.95,5.08,0
2009-06-02,5.31,5.31,5.15,5.19,0
2009-06-03,5.42,5.42,5.32,5.32,0
2009-06-04,6.0,6.0,5.45,5.45,0
2009-06-05,5.7,6.27,5.7,6.01,0
2009-06-11,5.7,5.7,5.53,5.57,0
2009-06-12,5.56,5.84,5.56,5.75,0
2009-06-15,5.48,5.52,5.48,5.52,0
2009-06-16,5.52,5.52,5.42,5.45,0
2009-06-17,5.21,5.31,5.21,5.29,0
2009-06-18,5.06,5.22,5.06,5.21,0
2009-06-19,5.31,5.31,5.17,5.17,0
2009-06-24,5.24,5.24,5.13,5.13,0
2009-06-25,5.02,5.26,5.02,5.2,0
2009-06-26,5.12,5.22,5.12,5.19,0
2009-07-02,5.4,5.74,5.4,5.64,0
2009-07-03,5.62,5.62,5.42,5.42,0
2009-07-06,5.24,5.35,5.24,5.31,0
2009-07-07,5.42,5.42,5.14,5.32,0
2009-07-08,5.05,5.25,5.05,5.23,0
2009-07-09,5.13,5.23,5.02,5.02,0
2009-07-10,5.34,5.36,5.1,5.1,0
2009-07-13,5.62,5.62,5.23,5.28,0
2009-07-14,5.68,5.73,5.6,5.61,0
2009-07-15,5.63,5.74,5.57,5.71,0
2009-07-16,5.6,5.65,5.55,5.55,0
2009-07-17,5.52,5.63,5.51,5.6,0
2009-07-20,5.69,5.69,5.5,5.6,0
2009-07-21,5.7,5.71,5.58,5.68,0
2009-07-22,5.8,5.8,5.5,5.67,0
2009-07-23,6.36,6.36,5.81,5.82,0
2009-07-24,6.53,6.67,6.31,6.35,0
2009-07-28,6.48,6.59,6.39,6.44,0
2009-07-29,6.31,6.57,6.18,6.48,0
2009-07-30,6.86,7.01,6.35,6.35,0
2009-07-31,6.88,6.96,6.82,6.89,0
2009-08-03,7.17,7.32,6.87,6.89,0
2009-08-04,6.99,7.35,6.93,7.19,0
2009-08-05,7.0,7.23,6.95,7.13,0
2009-08-06,6.74,7.11,6.69,7.08,0
2009-08-07,6.89,6.94,6.53,6.53,0
2009-08-10,7.01,7.02,6.88,6.93,0
2009-08-11,6.96,7.12,6.96,7.01,0
2009-08-12,7.03,7.07,6.77,6.95,0
2009-08-13,7.16,7.32,7.01,7.05,0
2009-08-14,7.07,7.19,7.07,7.1,0
2009-08-17,6.79,7.02,6.79,6.99,0
2009-08-18,6.8,6.88,6.74,6.74,0
2009-08-19,6.83,6.91,6.63,6.76,0
2009-08-20,7.03,7.1,6.86,6.86,0
2009-08-21,7.11,7.16,7.02,7.02,0
2009-08-24,7.18,7.23,7.13,7.17,0
2009-08-25,7.33,7.53,7.06,7.1,0
2009-08-26,7.51,7.51,7.36,7.41,0
2009-08-27,7.32,7.56,7.32,7.53,0
2009-08-28,7.5,7.53,7.4,7.47,0
2009-08-31,7.34,7.44,7.26,7.37,0
2009-09-01,7.14,7.38,7.06,7.29,0
2009-09-02,6.94,7.05,6.87,7.05,0
2009-09-03,6.9,7.0,6.63,6.94,0
2009-09-04,7.05,7.09,6.95,6.97,0
2009-09-07,7.42,7.47,7.07,7.09,0
2009-09-08,7.34,7.49,7.33,7.37,0
2009-09-09,8.15,8.15,7.81,7.81,0
2009-09-10,7.95,8.57,7.87,8.18,0
2009-09-11,7.64,8.1,7.56,7.97,0
2009-09-14,7.37,7.61,7.32,7.61,0
2009-09-15,7.48,7.55,7.4,7.43,0
2009-09-16,7.68,7.69,7.48,7.52,0
2009-09-17,7.88,8.05,7.66,7.75,0
2009-09-18,7.87,7.94,7.82,7.87,0
2009-09-21,7.74,7.93,7.66,7.79,0
2009-09-22,7.79,7.94,7.76,7.83,0
2009-09-23,7.91,7.99,7.87,7.88,0
2009-09-24,7.69,7.94,7.68,7.94,0
2009-09-25,7.74,7.83,7.71,7.73,0
2009-09-28,7.8,7.88,7.63,7.76,0
2009-09-29,7.69,7.84,7.64,7.8,0
2009-09-30,7.25,7.74,7.24,7.7,0
2009-10-01,7.27,7.44,7.24,7.28,0
2009-10-02,6.77,6.93,6.73,6.93,0
2009-10-05,7.03,7.1,6.72,6.76,0
2009-10-06,7.01,7.2,6.81,7.15,0
2009-10-07,7.32,7.39,6.98,7.04,0
2009-10-08,7.09,7.4,7.01,7.37,0
2009-10-09,7.07,7.24,7.04,7.11,0
2009-10-12,6.86,7.14,6.86,7.14,0
2009-10-13,6.78,6.9,6.68,6.89,0
2009-10-14,6.78,6.9,6.71,6.82,0
2009-10-15,6.58,6.8,6.56,6.79,0
2009-10-16,6.22,6.67,6.12,6.62,0
2009-10-19,6.24,6.29,6.16,6.21,0
2009-10-20,6.05,6.33,6.03,6.31,0
2009-10-21,6.2,6.2,6.04,6.1,0
2009-10-22,6.12,6.18,5.93,6.14,0
2009-10-23,6.12,6.27,6.04,6.19,0
2009-10-26,5.89,6.2,5.88,6.14,0
2009-10-27,5.72,6.07,5.59,5.89,0
2009-10-28,5.36,5.72,5.28,5.67,0
2009-10-29,6.23,6.29,5.29,5.29,0
2009-10-30,5.85,6.37,5.77,6.03,0
2009-11-02,5.87,5.97,5.82,5.87,0
2009-11-03,5.8,5.9,5.5,5.84,0
2009-11-04,6.03,6.15,5.79,5.83,0
2009-11-05,6.09,6.25,5.82,5.93,0
2009-11-06,6.12,6.15,5.99,6.04,0
2009-11-09,6.01,6.14,5.92,6.12,0
2009-11-10,5.81,6.03,5.77,6.03,0
2009-11-11,6.05,6.12,5.82,5.84,0
2009-11-12,6.05,6.13,5.98,6.05,0
2009-11-13,6.06,6.17,5.94,5.99,0
2009-11-16,6.11,6.13,6.07,6.08,0
2009-11-17,6.15,6.21,6.11,6.15,0
2009-11-18,6.38,6.49,6.19,6.19,0
2009-11-19,6.21,6.51,6.15,6.45,0
2009-11-20,6.08,6.27,6.07,6.26,0
2009-11-23,6.15,6.21,6.09,6.09,0
2009-11-24,6.1,6.16,6.03,6.15,0
2009-11-25,6.08,6.22,6.07,6.16,0
2009-11-26,5.99,6.12,5.91,6.09,0
2009-11-27,5.99,6.04,5.82,5.82,0
2009-11-30,5.84,6.06,5.8,6.06,0
2009-12-01,6.05,6.08,5.84,5.91,0
2009-12-02,6.17,6.21,5.95,6.03,0
2009-12-03,6.37,6.47,6.3,6.32,0
2009-12-04,6.24,6.36,6.17,6.31,0
2009-12-07,6.3,6.33,6.2,6.21,0
2009-12-08,6.26,6.32,6.19,6.29,0
2009-12-09,6.4,6.6,6.31,6.42,0
2009-12-10,6.45,6.46,6.28,6.32,0
2009-12-11,6.84,7.1,6.46,6.48,0
2009-12-14,6.95,7.08,6.78,7.07,0
2009-12-15,7.38,7.39,6.98,7.04,0
2009-12-16,7.5,7.51,7.22,7.31,0
2009-12-17,7.82,8.14,7.76,7.78,0
2009-12-18,7.93,8.13,7.64,7.78,0
2009-12-21,7.56,7.94,7.49,7.83,0
2009-12-22,7.63,7.65,7.52,7.59,0
2009-12-23,7.72,7.77,7.6,7.6,0
2009-12-28,7.78,7.95,7.73,7.74,0
2009-12-29,8.02,8.11,7.76,7.78,0
2009-12-30,7.76,8.04,7.69,7.99,0
2010-01-04,7.92,7.99,7.82,7.85,0
2010-01-05,8.25,8.27,7.96,7.99,0
2010-01-06,8.21,8.27,8.13,8.23,0
2010-01-07,8.24,8.32,8.02,8.23,0
2010-01-08,8.63,8.72,8.31,8.37,0
2010-01-11,8.55,8.72,8.47,8.64,0
2010-01-12,8.48,8.63,8.29,8.55,0
2010-01-13,8.82,8.91,8.48,8.54,0
2010-01-14,8.71,8.84,8.57,8.84,0
2010-01-15,8.69,8.77,8.55,8.77,0
2010-01-18,8.59,8.7,8.37,8.66,0
2010-01-19,8.48,8.56,8.36,8.53,0
2010-01-20,8.29,8.48,8.23,8.47,0
2010-01-21,8.04,8.37,8.04,8.29,0
2010-01-22,7.88,8.06,7.74,8.0,0
2010-01-25,8.03,8.09,7.83,7.88,0
2010-01-26,7.97,8.07,7.85,8.0,0
2010-01-27,7.75,7.91,7.46,7.88,0
2010-01-28,7.61,8.03,7.61,7.79,0
2010-01-29,7.67,7.76,7.61,7.73,0
2010-02-01,7.57,7.84,7.51,7.63,0
2010-02-02,7.63,7.7,7.54,7.59,0
2010-02-03,7.89,7.97,7.56,7.59,0
2010-02-04,7.51,8.03,7.15,7.9,0
2010-02-05,6.97,7.4,6.79,7.32,0
2010-02-08,6.83,7.21,6.81,7.05,0
2010-02-09,6.84,6.91,6.69,6.84,0
2010-02-10,7.29,7.34,6.79,6.9,0
2010-02-11,7.09,7.35,7.01,7.28,0
2010-02-12,6.99,7.25,6.99,7.18,0
2010-02-15,7.08,7.16,7.02,7.06,0
2010-02-16,7.19,7.22,7.08,7.14,0
2010-02-17,7.57,7.88,7.32,7.32,0
2010-02-18,7.38,7.65,7.3,7.63,0
2010-02-19,7.53,7.56,7.24,7.38,0
2010-02-22,7.42,7.53,7.33,7.5,0
2010-02-23,7.33,7.47,7.13,7.44,0
2010-02-24,7.32,7.38,7.16,7.3,0
2010-02-25,7.21,7.35,7.15,7.35,0
2010-02-26,7.33,7.35,7.17,7.24,0
2010-03-01,7.27,7.5,7.23,7.38,0
2010-03-02,7.27,7.34,7.22,7.34,0
2010-03-03,7.41,7.43,7.24,7.28,0
2010-03-04,7.43,7.63,7.35,7.36,0
2010-03-05,7.46,7.54,7.4,7.51,0
2010-03-08,7.32,7.56,7.32,7.53,0
2010-03-09,7.3,7.37,7.18,7.35,0
2010-03-10,7.39,7.39,7.11,7.27,0
2010-03-11,7.27,7.27,7.27,7.44,0
2010-03-12,7.25,7.25,7.25,7.27,0
2010-03-15,7.24,7.24,7.24,7.24,0
2010-03-16,7.24,7.24,7.24,7.25,0
2010-03-17,7.98,8.0,7.36,7.36,0
2010-03-18,7.98,7.98,7.98,7.98,0
2010-03-19,7.99,7.99,7.98,7.98,0
2010-03-22,7.91,7.99,7.89,7.99,0
2010-03-23,7.93,7.94,7.91,7.91,0
2010-03-24,8.37,8.37,7.93,7.93,0
2010-03-25,8.48,8.54,8.37,8.37,0
2010-03-26,8.59,8.59,8.48,8.48,0
2010-03-29,8.55,8.55,8.55,8.61,0
2010-03-30,8.35,8.35,8.35,8.55,0
2010-03-31,8.25,8.25,8.25,8.35,0
2010-04-01,8.18,8.18,8.18,8.25,0
2010-04-06,8.34,8.34,8.18,8.18,0
2010-04-07,8.07,8.18,8.07,8.34,0
2010-04-08,7.98,7.98,7.98,8.07,0
2010-04-09,7.98,7.98,7.98,7.98,0
2010-04-12,7.91,7.94,7.91,8.01,0
2010-04-13,7.67,7.71,7.67,7.91,0
2010-04-14,7.87,7.87,7.67,7.67,0
2010-04-15,7.82,7.82,7.82,7.87,0
2010-04-19,7.77,7.77,7.77,7.79,0
2010-04-20,7.99,8.07,7.77,7.77,0
2010-04-21,8.01,8.03,7.99,7.99,0
2010-04-22,7.85,7.85,7.85,8.01,0
2010-04-23,7.98,7.98,7.85,7.85,0
2010-04-26,7.83,7.83,7.83,7.99,0
2010-04-27,7.33,7.53,7.33,7.83,0
2010-04-28,6.84,6.84,6.84,7.33,0
2010-04-29,6.98,6.98,6.84,6.84,0
2010-04-30,6.97,6.97,6.97,6.98,0
2010-05-03,6.98,6.98,6.98,6.98,0
2010-05-04,6.17,6.18,6.17,6.98,0
2010-05-05,6.31,6.38,6.17,6.17,0
2010-05-06,5.91,6.12,5.91,6.31,0
2010-05-07,5.92,5.92,5.91,5.91,0
2010-05-10,6.31,6.34,6.31,6.35,0
2010-05-11,6.24,6.24,6.24,6.31,0
2010-05-12,6.42,6.42,6.24,6.24,0
2010-05-17,5.93,5.93,5.72,5.72,0
2010-05-18,5.64,5.73,5.64,5.93,0
2010-05-19,5.53,5.53,5.53,5.64,0
2010-05-20,5.18,5.18,5.18,5.53,0
2010-05-25,5.06,5.06,5.06,5.2,0
2010-05-26,5.1,5.1,5.06,5.06,0
2010-05-27,5.23,5.23,5.07,5.1,0
2010-05-28,5.08,5.08,5.08,5.23,0
2010-05-31,5.06,5.06,4.97,4.97,0
2010-06-01,4.81,4.87,4.81,5.06,0
2010-06-02,4.99,4.99,4.81,4.81,0
2010-06-03,4.98,4.99,4.98,4.99,0
2010-06-04,4.64,4.98,4.64,4.98,0
2010-06-07,4.56,4.61,4.51,4.61,0
2010-06-08,4.37,4.56,4.37,4.56,0
2010-06-09,4.34,4.44,4.34,4.37,0
2010-06-10,4.66,4.66,4.33,4.34,0
2010-06-11,4.83,4.83,4.64,4.66,0
2010-06-14,4.83,4.95,4.83,4.94,0
2010-06-15,5.3,5.3,4.83,4.83,0
2010-06-16,5.15,5.33,5.15,5.3,0
2010-06-17,5.14,5.17,5.14,5.15,0
2010-06-18,5.2,5.2,5.13,5.14,0
2010-06-21,5.26,5.35,5.26,5.33,0
2010-06-22,4.98,5.26,4.98,5.26,0
2010-06-23,5.06,5.06,4.98,4.98,0
2010-06-24,4.91,5.07,4.91,5.06,0
2010-06-25,4.94,4.94,4.9,4.91,0
2010-06-28,4.93,4.97,4.93,4.96,0
2010-06-29,4.68,4.93,4.68,4.93,0
2010-06-30,4.58,4.72,4.58,4.68,0
2010-07-01,4.55,4.59,4.52,4.58,0
2010-07-05,4.76,4.76,4.72,4.73,0
2010-07-06,4.98,5.03,4.75,4.76,0
2010-07-07,5.06,5.06,4.97,4.98,0
2010-07-08,5.24,5.29,5.03,5.06,0
2010-07-09,5.45,5.45,5.27,5.29,0
2010-07-12,5.46,5.46,5.38,5.39,0
2010-07-13,5.62,5.62,5.45,5.46,0
2010-07-14,5.48,5.62,5.48,5.62,0
2010-07-15,5.42,5.5,5.42,5.48,0
2010-07-16,5.54,5.54,5.41,5.42,0
2010-07-19,5.55,5.55,5.5,5.51,0
2010-07-20,5.44,5.58,5.44,5.57,0
2010-07-21,5.54,5.55,5.47,5.48,0
2010-07-22,5.79,5.8,5.61,5.61,0
2010-07-23,5.85,5.85,5.75,5.76,0
2010-07-26,5.98,5.98,5.85,5.86,0
2010-07-27,6.1,6.1,5.98,6.0,0
2010-07-29,5.8,6.05,5.8,6.05,0
2010-07-30,5.63,5.8,5.63,5.79,0
2010-08-02,5.68,5.68,5.64,5.64,0
2010-08-03,5.6,5.72,5.6,5.69,0
2010-08-04,5.84,5.84,5.58,5.58,0
2010-08-05,5.83,5.87,5.82,5.86,0
2010-08-06,5.72,5.87,5.72,5.87,0
2010-08-09,5.82,5.82,5.75,5.77,0
2010-08-10,5.73,5.8,5.73,5.79,0
2010-08-11,5.67,5.77,5.67,5.76,0
2010-08-12,5.54,5.66,5.54,5.65,0
2010-08-13,5.52,5.57,5.52,5.56,0
2010-08-16,5.49,5.52,5.48,5.51,0
2010-08-17,5.51,5.51,5.48,5.49,0
2010-08-18,5.45,5.54,5.45,5.53,0
2010-08-19,5.41,5.47,5.4,5.46,0
2010-08-20,5.26,5.41,5.26,5.4,0
2010-08-23,5.31,5.31,5.29,5.3,0
2010-08-24,5.05,5.32,5.05,5.3,0
2010-08-25,4.95,5.08,4.95,5.07,0
2010-08-26,5.03,5.05,5.0,5.01,0
2010-08-27,5.15,5.15,5.01,5.03,0
2010-08-30,5.3,5.31,5.2,5.21,0
2010-08-31,5.32,5.32,5.13,5.14,0
2010-09-01,5.6,5.6,5.35,5.35,0
2010-09-02,5.68,5.68,5.65,5.66,0
2010-09-03,5.71,5.73,5.7,5.72,0
2010-09-06,6.08,6.08,5.86,5.87,0
2010-09-07,5.87,6.03,5.86,6.02,0
2010-09-08,5.82,5.86,5.82,5.85,0
2010-09-09,5.96,5.98,5.78,5.79,0
2010-09-10,6.06,6.07,5.97,5.98,0
2010-09-13,6.18,6.2,6.08,6.09,0
2010-09-14,6.3,6.32,6.14,6.15,0
2010-09-15,6.4,6.4,6.25,6.26,0
2010-09-16,6.26,6.4,6.26,6.37,0
2010-09-17,6.26,6.35,6.26,6.34,0
2010-09-20,6.28,6.3,6.23,6.24,0
2010-09-21,6.33,6.39,6.33,6.38,0
2010-09-22,6.2,6.36,6.2,6.36,0
2010-09-23,6.43,6.43,6.31,6.33,0
2010-09-24,6.37,6.38,6.32,6.33,0
2010-09-27,6.29,6.39,6.29,6.38,0
2010-09-28,6.3,6.31,6.25,6.26,0
2010-09-29,6.17,6.33,6.17,6.32,0
2010-09-30,6.09,6.19,6.09,6.18,0
2010-10-01,6.09,6.11,6.07,6.08,0
2010-10-04,5.92,6.11,5.9,6.1,0
2010-10-05,6.06,6.06,5.93,5.93,0
2010-10-06,6.13,6.16,6.12,6.15,0
2010-10-07,6.15,6.17,6.13,6.15,0
2010-10-08,6.23,6.25,6.23,6.24,0
2010-10-11,6.25,6.25,6.23,6.24,0
2010-10-12,6.43,6.45,6.34,6.37,0
2010-10-13,6.43,6.45,6.43,6.44,0
2010-10-14,6.38,6.41,6.38,6.39,0
2010-10-15,6.4,6.43,6.4,6.42,0
2010-10-18,6.29,6.44,6.29,6.43,0
2010-10-19,6.31,6.33,6.31,6.32,0
2010-10-20,6.33,6.33,6.3,6.31,0
2010-10-21,6.6,6.6,6.31,6.31,0
2010-10-22,6.5,6.6,6.5,6.59,0
2010-10-25,6.75,6.75,6.57,6.57,0
2010-10-26,6.59,6.72,6.59,6.71,0
2010-10-27,6.79,6.79,6.58,6.59,0
2010-10-28,7.08,7.1,6.87,6.88,0
2010-10-29,7.34,7.35,7.07,7.1,0
2010-11-01,7.47,7.48,7.42,7.43,0
2010-11-02,7.61,7.62,7.44,7.45,0
2010-11-03,7.56,7.59,7.56,7.58,0
2010-11-04,7.62,7.62,7.58,7.59,0
2010-11-05,7.66,7.66,7.58,7.59,0
2010-11-08,7.78,7.78,7.65,7.66,0
2010-11-09,7.57,7.78,7.57,7.77,0
2010-11-10,7.47,7.6,7.47,7.59,0
2010-11-11,7.44,7.57,7.44,7.55,672660
2010-11-12,7.51,7.51,7.32,7.33,718600
2010-11-15,7.57,7.57,7.45,7.46,888370
2010-11-16,7.32,7.55,7.32,7.55,523470
2010-11-17,7.2,7.37,7.2,7.36,794270
2010-11-18,7.02,7.08,7.02,7.04,287810
2010-11-19,6.97,7.04,6.97,7.04,427190
2010-11-22,6.82,7.0,6.82,6.99,490360
2010-11-23,6.56,6.7,6.56,6.69,973650
2010-11-24,6.54,6.54,6.46,6.47,955630
2010-11-25,6.35,6.53,6.31,6.53,350740
2010-11-26,6.23,6.36,6.11,6.34,741660
2010-11-29,6.15,6.28,6.11,6.25,556560
2010-11-30,5.97,6.13,5.8,6.11,1400000
2010-12-01,6.37,6.37,5.95,5.95,785280
2010-12-02,6.61,6.65,6.36,6.42,1260000
2010-12-03,6.72,6.77,6.59,6.64,666420
2010-12-06,6.71,6.85,6.68,6.76,380220
2010-12-07,6.81,6.9,6.69,6.69,358080
2010-12-08,6.95,7.03,6.78,6.82,464490
2010-12-09,6.97,7.11,6.95,7.01,486590
2010-12-10,6.96,7.0,6.92,6.98,429090
2010-12-13,7.09,7.11,6.95,6.96,590710
2010-12-14,7.06,7.09,7.0,7.06,207830
2010-12-15,6.91,7.02,6.76,7.02,485230
2010-12-16,6.99,7.11,6.84,6.94,500250
2010-12-17,7.05,7.05,6.96,7.04,290180
2010-12-20,7.2,7.24,7.03,7.03,373410
2010-12-21,7.32,7.38,7.17,7.18,498630
2010-12-22,7.44,7.49,7.33,7.34,226150
2010-12-23,7.34,7.5,7.32,7.42,299000
2010-12-27,7.14,7.27,7.03,7.27,191930
2010-12-28,7.13,7.16,7.07,7.09,83200
2010-12-29,7.21,7.23,7.14,7.14,157670
2010-12-30,6.89,7.25,6.88,7.25,448020
2011-01-03,7.03,7.14,6.92,7.01,143040
2011-01-04,7.12,7.23,6.87,7.05,568260
2011-01-05,7.19,7.2,7.06,7.09,642590
2011-01-06,7.22,7.34,7.04,7.07,778790
2011-01-07,7.29,7.4,7.15,7.16,656600
2011-01-10,7.13,7.22,7.09,7.22,457470
2011-01-11,7.36,7.38,7.15,7.19,526700
2011-01-12,7.65,7.68,7.35,7.36,558640
2011-01-13,7.61,7.66,7.41,7.61,394990
2011-01-14,7.68,7.75,7.56,7.62,823960
2011-01-17,7.33,7.58,7.3,7.53,822360
2011-01-18,7.43,7.47,7.34,7.34,369400
2011-01-19,7.55,7.59,7.37,7.43,567060
2011-01-20,7.6,7.61,7.4,7.51,927870
2011-01-21,7.58,7.63,7.36,7.49,816820
2011-01-24,7.59,7.64,7.52,7.55,619900
2011-01-25,7.43,7.62,7.43,7.61,269010
2011-01-26,7.37,7.49,7.35,7.47,410760
2011-01-27,7.6,7.66,7.29,7.36,555960
2011-01-28,7.55,7.65,7.48,7.59,747470
2011-01-31,7.61,7.61,7.42,7.53,241280
2011-02-01,7.69,7.69,7.56,7.63,342290
2011-02-02,7.79,7.85,7.66,7.68,483330
2011-02-03,7.49,7.83,7.44,7.81,827390
2011-02-04,7.46,7.57,7.33,7.57,1190000
2011-02-07,7.5,7.6,7.41,7.47,867430
2011-02-08,7.6,7.62,7.49,7.51,625580
2011-02-09,7.77,7.78,7.57,7.69,1270000
2011-02-10,7.66,7.78,7.64,7.78,1020000
2011-02-11,7.61,7.71,7.56,7.65,505640
2011-02-14,7.63,7.68,7.57,7.61,1210000
2011-02-15,7.51,7.67,7.51,7.59,1370000
2011-02-16,7.4,7.63,7.35,7.49,768790
2011-02-17,7.38,7.51,7.35,7.43,707340
2011-02-18,7.28,7.39,7.18,7.39,823300
2011-02-21,7.14,7.29,7.12,7.29,664990
2011-02-22,7.22,7.26,6.96,7.17,853980
2011-02-23,7.13,7.33,7.07,7.19,1120000
2011-02-24,6.94,7.14,6.92,7.14,760060
2011-02-25,7.18,7.29,6.95,6.98,1010000
2011-02-28,7.05,7.28,7.04,7.23,731620
2011-03-01,6.94,7.15,6.93,7.14,980410
2011-03-02,7.04,7.1,6.72,6.92,758080
2011-03-03,7.02,7.1,6.96,7.06,594080
2011-03-04,7.14,7.16,7.01,7.01,747010
2011-03-07,7.15,7.22,7.13,7.16,230130
2011-03-08,7.07,7.22,7.01,7.21,606620
2011-03-09,7.08,7.17,7.03,7.12,704960
2011-03-10,6.9,7.07,6.82,7.07,800930
2011-03-11,6.82,6.87,6.74,6.84,1090000
2011-03-14,6.84,6.99,6.73,6.73,811080
2011-03-15,6.88,6.88,6.63,6.72,757870
2011-03-16,6.8,6.92,6.79,6.87,429590
2011-03-17,6.81,6.89,6.75,6.78,425720
2011-03-18,6.93,6.97,6.83,6.84,321650
2011-03-21,7.13,7.19,6.95,7.03,1850000
2011-03-22,7.13,7.17,7.07,7.17,627330
2011-03-23,7.02,7.18,6.95,7.1,838990
2011-03-24,6.98,7.04,6.94,7.04,371810
2011-03-25,6.88,7.02,6.88,7.02,645680
2011-03-28,6.92,6.95,6.88,6.9,442070
2011-03-29,6.88,6.92,6.83,6.91,313740
2011-03-30,6.93,6.96,6.88,6.95,216070
2011-03-31,6.58,6.98,6.49,6.96,1380000
2011-04-01,6.67,6.71,6.54,6.62,685950
2011-04-04,6.82,6.89,6.68,6.7,646010
2011-04-05,6.7,6.88,6.63,6.86,1190000
2011-04-06,6.81,6.87,6.67,6.76,917640
2011-04-07,6.66,6.8,6.66,6.79,971040
2011-04-08,6.65,6.76,6.62,6.72,907970
2011-04-11,6.67,6.8,6.67,6.73,932150
2011-04-12,6.69,6.71,6.61,6.7,680380
2011-04-13,6.62,6.72,6.58,6.72,936740
2011-04-14,6.46,6.65,6.45,6.64,900000
2011-04-15,6.38,6.52,6.38,6.49,761310
2011-04-18,6.31,6.47,6.28,6.46,634690
2011-04-19,6.39,6.43,6.28,6.34,298880
2011-04-20,6.46,6.55,6.42,6.44,1030000
2011-04-21,6.47,6.53,6.41,6.5,633610
2011-04-26,6.66,6.69,6.52,6.53,846620
2011-04-27,6.46,6.52,6.37,6.39,905660
2011-04-28,6.49,6.53,6.44,6.44,829020
2011-04-29,6.26,6.54,6.26,6.54,1010000
2011-05-02,6.23,6.35,6.23,6.35,692070
2011-05-03,6.12,6.27,6.09,6.25,1120000
2011-05-04,6.04,6.12,6.04,6.11,859550
2011-05-05,5.72,6.11,5.66,6.09,1230000
2011-05-06,5.79,5.92,5.68,5.71,1010000
2011-05-09,5.67,5.88,5.59,5.88,1350000
2011-05-10,5.76,5.88,5.64,5.66,778270
2011-05-11,5.71,5.82,5.66,5.82,1280000
2011-05-12,5.73,5.75,5.67,5.73,1150000
2011-05-13,5.69,5.81,5.69,5.77,741230
2011-05-16,5.6,5.77,5.51,5.77,1550000
2011-05-17,5.53,5.67,5.53,5.64,771380
2011-05-18,5.62,5.65,5.53,5.6,765210
2011-05-19,5.6,5.7,5.58,5.66,1170000
2011-05-20,5.6,5.72,5.56,5.67,773880
2011-05-23,5.45,5.63,5.45,5.57,963620
2011-05-24,5.27,5.48,5.21,5.44,1690000
2011-05-25,5.31,5.35,5.19,5.23,1270000
2011-05-26,5.4,5.41,5.33,5.33,1260000
2011-05-27,5.37,5.51,5.32,5.45,995440
2011-05-30,5.4,5.45,5.37,5.39,767320
2011-05-31,5.49,5.53,5.43,5.44,697040
2011-06-01,5.55,5.57,5.5,5.52,874930
2011-06-02,5.73,5.74,5.52,5.53,1000000
2011-06-03,5.64,5.79,5.57,5.74,720150
2011-06-06,5.51,5.62,5.48,5.62,482400
2011-06-07,5.54,5.63,5.47,5.48,1350000
2011-06-08,5.58,5.63,5.53,5.54,938530
2011-06-09,5.6,5.69,5.55,5.57,825810
2011-06-10,5.34,5.64,5.32,5.63,840790
2011-06-13,5.21,5.37,5.21,5.37,832610
2011-06-14,5.31,5.33,5.23,5.23,551280
2011-06-15,5.23,5.3,5.22,5.28,698340
2011-06-16,5.29,5.33,5.2,5.23,781250
2011-06-17,5.33,5.43,5.22,5.29,1110000
2011-06-20,5.22,5.32,5.22,5.31,880260
2011-06-21,5.31,5.31,5.21,5.22,1140000
2011-06-22,5.32,5.37,5.29,5.32,580330
2011-06-23,5.12,5.33,5.07,5.33,698850
2011-06-24,5.06,5.19,5.06,5.14,700460
2011-06-27,5.05,5.13,5.01,5.04,427230
2011-06-28,5.04,5.08,4.89,5.06,1310000
2011-06-29,5.25,5.29,5.04,5.05,731340
2011-06-30,5.69,5.78,5.31,5.31,1870000
2011-07-01,5.8,5.86,5.57,5.84,1430000
2011-07-04,5.75,5.82,5.69,5.82,584050
2011-07-05,5.69,5.8,5.67,5.76,669030
2011-07-06,5.55,5.71,5.51,5.68,715540
2011-07-07,5.58,5.65,5.52,5.55,962190
2011-07-08,5.4,5.65,5.38,5.6,806520
2011-07-11,5.24,5.4,5.16,5.38,713720
2011-07-12,5.31,5.33,5.04,5.18,1040000
2011-07-13,5.31,5.38,5.25,5.33,517419
2011-07-14,5.2,5.28,5.18,5.28,300080
2011-07-15,5.3,5.31,5.13,5.15,720200
2011-07-18,5.14,5.32,5.14,5.27,456370
2011-07-19,5.27,5.34,5.17,5.17,415940
2011-07-20,5.42,5.47,5.34,5.36,364980
2011-07-21,5.48,5.55,5.31,5.47,587010
2011-07-22,5.66,5.69,5.54,5.56,650540
2011-07-25,5.5,5.64,5.41,5.64,636580
2011-07-26,5.49,5.54,5.41,5.48,403030
2011-07-27,5.4,5.54,5.37,5.49,914770
2011-07-28,5.52,5.64,5.36,5.36,1020000
2011-07-29,5.54,5.64,5.42,5.46,839040
2011-08-01,5.3,5.72,5.28,5.62,511100
2011-08-02,5.07,5.33,4.97,5.31,951740
2011-08-03,4.93,5.09,4.91,5.0,475530
2011-08-04,4.65,5.09,4.64,5.03,587810
2011-08-05,4.58,4.82,4.39,4.51,745240
2011-08-08,4.42,4.87,4.35,4.61,772260
2011-08-09,4.24,4.48,4.09,4.42,1160000
2011-08-10,4.06,4.43,4.06,4.38,775290
2011-08-11,4.22,4.28,3.97,4.2,844130
2011-08-12,4.42,4.48,4.06,4.24,416580
2011-08-15,4.57,4.63,4.47,4.47,355910
2011-08-16,4.53,4.56,4.41,4.53,1230000
2011-08-17,4.6,4.64,4.42,4.49,458910
2011-08-18,4.32,4.56,4.26,4.54,438150
2011-08-19,4.28,4.34,4.07,4.33,693680
2011-08-22,4.28,4.38,4.22,4.22,223760
2011-08-23,4.33,4.37,4.24,4.37,420490
2011-08-24,4.35,4.39,4.24,4.38,421400
2011-08-25,4.4,4.47,4.38,4.41,336960
2011-08-26,4.48,4.64,4.41,4.43,514610
2011-08-29,4.62,4.64,4.51,4.57,255410
2011-08-30,4.67,4.7,4.55,4.69,272080
2011-08-31,4.93,4.97,4.62,4.67,519169
2011-09-01,4.93,4.95,4.72,4.84,577380
2011-09-02,4.93,5.15,4.81,4.86,780000
2011-09-05,4.6,4.8,4.6,4.79,337710
2011-09-06,4.51,4.69,4.5,4.63,376280
2011-09-07,4.67,4.75,4.54,4.64,435720
2011-09-08,4.73,4.81,4.65,4.65,279740
2011-09-09,4.35,4.72,4.35,4.69,575840
2011-09-12,4.23,4.32,4.13,4.2,605540
2011-09-13,4.38,4.39,4.1,4.29,459480
2011-09-14,4.49,4.57,4.26,4.34,427560
2011-09-15,4.61,4.69,4.45,4.56,394050
2011-09-16,4.63,4.75,4.55,4.62,342850
2011-09-19,4.5,4.63,4.46,4.57,117120
2011-09-20,4.62,4.7,4.47,4.49,209240
2011-09-21,4.6,4.67,4.52,4.61,230460
2011-09-22,4.31,4.46,4.26,4.4,445850
2011-09-23,4.31,4.37,4.1,4.29,437850
2011-09-26,4.41,4.44,4.22,4.22,328880
2011-09-27,4.55,4.59,4.45,4.54,280100
2011-09-28,4.46,4.56,4.36,4.51,418450
2011-09-29,4.46,4.54,4.37,4.38,205620
2011-09-30,4.41,4.55,4.39,4.48,144020
2011-10-03,4.17,4.37,4.13,4.37,550280
2011-10-04,3.97,4.12,3.9,4.11,573620
2011-10-05,4.1,4.12,3.96,4.08,1200000
2011-10-06,4.31,4.31,4.11,4.14,715720
2011-10-07,4.38,4.44,4.28,4.28,237020
2011-10-10,4.46,4.52,4.29,4.38,370970
2011-10-11,4.42,4.5,4.38,4.44,380750
2011-10-12,4.63,4.63,4.41,4.47,434270
2011-10-13,4.41,4.7,4.41,4.66,394200
2011-10-14,4.49,4.53,4.4,4.41,357210
2011-10-17,4.43,4.63,4.4,4.55,383150
2011-10-18,4.31,4.4,4.28,4.32,605510
2011-10-19,4.32,4.38,4.28,4.33,220800
2011-10-20,4.2,4.35,4.18,4.26,214990
2011-10-21,4.31,4.31,4.22,4.22,460160
2011-10-24,4.35,4.4,4.28,4.36,219970
2011-10-25,4.24,4.36,4.19,4.35,877510
2011-10-26,4.19,4.28,4.18,4.22,468580
2011-10-27,4.44,4.45,4.24,4.27,1170000
2011-10-28,4.37,4.49,4.28,4.45,754340
2011-10-31,4.35,4.43,4.35,4.4,588920
2011-11-01,4.15,4.32,4.12,4.32,414780
2011-11-02,4.15,4.25,4.1,4.22,297040
2011-11-03,4.25,4.31,4.08,4.1,260209
2011-11-04,4.23,4.35,4.17,4.31,200190
2011-11-07,4.27,4.32,4.15,4.25,272410
2011-11-08,4.23,4.35,4.23,4.33,188360
2011-11-09,4.12,4.31,4.11,4.27,366830
2011-11-10,4.13,4.3,4.07,4.1,292910
2011-11-11,4.19,4.26,4.13,4.18,323550
2011-11-14,4.14,4.28,4.12,4.28,196340
2011-11-15,4.07,4.15,4.07,4.11,223010
2011-11-16,3.97,4.17,3.96,4.07,526320
2011-11-17,3.98,4.05,3.96,3.97,405620
2011-11-18,4.13,4.15,3.97,3.99,294100
2011-11-21,3.98,4.17,3.98,4.14,410820
2011-11-22,3.85,4.03,3.85,4.0,423600
2011-11-23,3.75,3.96,3.75,3.85,908890
2011-11-24,3.8,3.93,3.73,3.81,361210
2011-11-25,4.0,4.03,3.78,3.85,564910
2011-11-28,4.15,4.21,4.03,4.05,932900
2011-11-29,4.21,4.26,4.1,4.15,519900
2011-11-30,4.45,4.48,4.18,4.21,877170
2011-12-01,4.5,4.59,4.37,4.46,765690
2011-12-02,4.61,4.65,4.51,4.51,819490
2011-12-05,4.75,4.8,4.65,4.65,349190
2011-12-06,4.67,4.76,4.48,4.75,452330
2011-12-07,4.64,4.8,4.52,4.75,660620
2011-12-08,4.5,4.7,4.5,4.7,863450
2011-12-09,4.63,4.68,4.5,4.51,410190
2011-12-12,4.65,4.73,4.61,4.67,432740
2011-12-13,4.58,4.69,4.58,4.66,726800
2011-12-14,4.33,4.5,4.29,4.39,984060
2011-12-15,4.22,4.45,4.11,4.11,1080000
2011-12-16,4.22,4.36,4.16,4.31,1120000
2011-12-19,4.23,4.3,4.17,4.17,477770
2011-12-20,4.35,4.37,4.22,4.25,321710
2011-12-21,4.52,4.6,4.37,4.38,566120
2011-12-22,4.59,4.59,4.47,4.52,310180
2011-12-23,4.65,4.7,4.59,4.65,438660
2011-12-27,4.75,4.75,4.6,4.61,494410
2011-12-28,4.61,4.8,4.57,4.75,523380
2011-12-29,4.62,4.74,4.56,4.61,285780
2011-12-30,4.65,4.68,4.6,4.63,105570
2012-01-02,4.75,4.75,4.59,4.59,178260
2012-01-03,4.73,4.76,4.63,4.69,334330
2012-01-04,4.6,4.73,4.58,4.73,296000
2012-01-05,4.39,4.7,4.39,4.59,392850
2012-01-06,4.42,4.49,4.37,4.37,176990
2012-01-09,4.37,4.54,4.35,4.47,259550
2012-01-10,4.48,4.52,4.35,4.35,249750
2012-01-11,4.62,4.62,4.42,4.46,290210
2012-01-12,4.69,4.7,4.58,4.61,254150
2012-01-13,4.61,4.69,4.59,4.66,288340
2012-01-16,4.64,4.64,4.53,4.55,265930
2012-01-17,4.69,4.7,4.63,4.64,228480
2012-01-18,4.66,4.7,4.64,4.65,221280
2012-01-19,4.76,4.76,4.65,4.67,270800
2012-01-20,4.72,4.76,4.7,4.76,278860
2012-01-23,4.77,4.81,4.72,4.75,398700
2012-01-24,4.76,4.79,4.71,4.79,133960
2012-01-25,4.75,4.78,4.69,4.75,142040
2012-01-26,4.92,4.95,4.71,4.75,476410
2012-01-27,4.98,5.01,4.83,4.91,291030
2012-01-30,4.76,4.99,4.76,4.91,267150
2012-01-31,4.82,4.9,4.73,4.76,386310
2012-02-01,4.92,4.94,4.8,4.82,430220
2012-02-02,5.32,5.35,4.9,4.92,635680
2012-02-03,5.2,5.26,5.09,5.25,788420
2012-02-06,5.25,5.26,5.13,5.19,288510
2012-02-07,5.21,5.29,5.14,5.29,215500
2012-02-08,5.23,5.37,5.2,5.29,384570
2012-02-09,5.09,5.24,5.05,5.2,507810
2012-02-10,5.1,5.14,4.92,5.08,603670
2012-02-13,5.08,5.18,5.02,5.11,201890
2012-02-14,4.97,5.12,4.94,5.09,280780
2012-02-15,4.91,5.05,4.82,4.92,365100
2012-02-16,4.86,4.9,4.8,4.89,266110
2012-02-17,4.7,4.89,4.64,4.88,694810
2012-02-20,4.85,4.88,4.72,4.81,204110
2012-02-21,4.87,4.91,4.82,4.87,230880
2012-02-22,4.81,4.9,4.77,4.9,161660
2012-02-23,4.61,4.8,4.57,4.79,732650
2012-02-24,4.63,4.68,4.6,4.62,266900
2012-02-27,4.62,4.69,4.52,4.66,434730
2012-02-28,4.6,4.75,4.6,4.68,492710
2012-02-29,4.5,4.65,4.45,4.65,376950
2012-03-01,4.54,4.61,4.43,4.51,300860
2012-03-02,4.61,4.71,4.56,4.58,288890
2012-03-05,4.54,4.65,4.52,4.61,282270
2012-03-06,4.41,4.48,4.37,4.48,262690
2012-03-07,4.41,4.46,4.37,4.41,300990
2012-03-08,4.5,4.53,4.43,4.49,277430
2012-03-09,4.52,4.59,4.47,4.52,242820
2012-03-12,4.55,4.63,4.49,4.49,222090
2012-03-13,4.7,4.75,4.59,4.63,384380
2012-03-14,4.73,4.82,4.65,4.7,404430
2012-03-15,4.72,4.8,4.7,4.72,232630
2012-03-16,4.72,4.78,4.67,4.74,187160
2012-03-19,4.78,4.8,4.7,4.73,214910
2012-03-20,4.74,4.78,4.72,4.78,153030
2012-03-21,4.72,4.8,4.72,4.75,207160
2012-03-22,4.66,4.73,4.6,4.71,147570
2012-03-23,4.54,4.68,4.43,4.64,565710
2012-03-26,4.6,4.67,4.48,4.62,286670
2012-03-27,4.63,4.71,4.61,4.61,166760
2012-03-28,4.4,4.64,4.36,4.64,275100
2012-03-29,4.21,4.43,4.2,4.4,352920
2012-03-30,4.48,4.51,4.25,4.34,356010
2012-04-02,4.48,4.51,4.37,4.41,298600
2012-04-03,4.5,4.6,4.47,4.51,323060
2012-04-04,4.36,4.52,4.35,4.52,303480
2012-04-05,4.22,4.43,4.21,4.35,286520
2012-04-10,4.04,4.24,4.02,4.2,486890
2012-04-11,4.11,4.21,4.06,4.1,459490
2012-04-12,4.19,4.2,4.06,4.16,436970
2012-04-13,4.11,4.19,4.04,4.16,368510
2012-04-16,4.04,4.18,3.99,4.08,348480
2012-04-17,4.18,4.18,4.01,4.02,269570
2012-04-18,4.24,4.33,4.15,4.33,350320
2012-04-19,4.15,4.27,4.08,4.27,303850
2012-04-20,4.06,4.25,4.05,4.17,518500
2012-04-23,3.96,4.09,3.93,4.09,381610
2012-04-24,3.91,4.05,3.87,3.96,384330
2012-04-25,3.95,4.07,3.91,3.91,388860
2012-04-26,3.98,4.06,3.89,4.01,228080
2012-04-27,4.07,4.13,3.93,4.01,288920
2012-04-30,4.0,4.15,3.98,4.15,368430
2012-05-02,3.88,4.08,3.88,4.08,231900
2012-05-03,3.88,3.99,3.88,3.93,248730
2012-05-04,3.51,3.8,3.51,3.76,494900
2012-05-07,3.51,3.55,3.43,3.5,405510
2012-05-08,3.29,3.51,3.25,3.51,592580
2012-05-09,3.35,3.4,3.22,3.29,533110
2012-05-10,3.5,3.51,3.31,3.38,413740
2012-05-11,3.49,3.51,3.46,3.47,523299
2012-05-14,3.22,3.43,3.2,3.43,432280
2012-05-15,3.26,3.35,3.2,3.22,400320
2012-05-16,3.24,3.32,3.2,3.24,586590
2012-05-17,3.3,3.34,3.2,3.26,302040
2012-05-18,3.21,3.33,3.21,3.32,487400
2012-05-21,3.26,3.28,3.21,3.21,185740
2012-05-22,3.35,3.36,3.25,3.25,304090
2012-05-23,3.28,3.38,3.28,3.35,294600
2012-05-24,3.3,3.33,3.25,3.31,229500
2012-05-25,3.29,3.32,3.23,3.3,267350
2012-05-28,3.25,3.3,3.25,3.3,182490
2012-05-29,3.2,3.26,3.17,3.25,298720
2012-05-30,3.12,3.16,3.03,3.16,438960
2012-05-31,2.96,3.12,2.9,3.12,546140
2012-06-01,3.0,3.04,2.92,2.96,373500
2012-06-04,3.02,3.06,2.95,3.0,303750
2012-06-05,3.1,3.16,3.06,3.16,392890
2012-06-06,3.15,3.2,3.12,3.2,353320
2012-06-07,3.15,3.19,3.11,3.14,249480
2012-06-08,3.17,3.18,3.08,3.14,185950
2012-06-11,3.17,3.32,3.13,3.2,366550
2012-06-12,3.06,3.19,3.04,3.14,167850
2012-06-13,2.99,3.1,2.96,3.05,284010
2012-06-14,2.99,3.0,2.92,2.97,231640
2012-06-15,3.18,3.19,2.96,2.99,577020
2012-06-18,3.06,3.19,3.04,3.19,219020
2012-06-19,3.15,3.18,3.0,3.05,200700
2012-06-20,3.14,3.18,3.12,3.18,243280
2012-06-21,3.05,3.14,3.03,3.14,434310
2012-06-22,3.19,3.19,3.02,3.05,430570
2012-06-25,3.05,3.17,3.04,3.13,279390
2012-06-26,3.02,3.1,3.01,3.04,214850
2012-06-27,3.05,3.09,3.02,3.06,153250
2012-06-28,3.09,3.12,3.04,3.04,307710
2012-06-29,3.38,3.5,3.16,3.16,1020000
2012-07-02,3.53,3.53,3.34,3.4,716810
2012-07-03,3.54,3.55,3.48,3.51,174390
2012-07-04,3.55,3.55,3.44,3.51,150040
2012-07-05,3.36,3.55,3.34,3.49,247620
2012-07-06,3.15,3.33,3.14,3.31,216930
2012-07-09,3.13,3.22,3.11,3.16,252020
2012-07-10,3.2,3.26,3.12,3.17,243250
2012-07-11,3.2,3.21,3.08,3.15,236910
2012-07-12,3.06,3.21,3.06,3.21,295290
2012-07-13,3.15,3.18,3.07,3.15,219950
2012-07-16,3.09,3.19,3.08,3.11,242000
2012-07-17,3.07,3.13,3.06,3.13,291480
2012-07-18,3.06,3.13,3.01,3.11,178210
2012-07-19,3.03,3.14,2.99,3.1,274110
2012-07-20,3.09,3.13,2.92,3.02,333760
2012-07-23,2.94,3.06,2.86,3.06,198370
2012-07-24,2.86,2.96,2.86,2.96,127380
2012-07-25,2.86,2.95,2.81,2.85,90550
2012-07-26,3.09,3.09,2.86,2.95,202810
2012-07-27,3.08,3.1,3.0,3.09,249720
2012-07-30,3.1,3.14,3.04,3.04,126680
2012-07-31,3.04,3.14,3.03,3.14,78660
2012-08-01,3.08,3.1,3.02,3.04,67000
2012-08-02,2.98,3.09,2.98,3.09,174620
2012-08-03,3.08,3.12,2.98,2.99,145580
2012-08-06,3.11,3.13,3.04,3.04,34440
2012-08-07,3.18,3.2,3.06,3.08,175780
2012-08-08,3.19,3.21,3.1,3.2,52080
2012-08-09,3.16,3.21,3.12,3.19,31460
2012-08-10,3.14,3.18,3.06,3.12,36860
2012-08-13,3.03,3.16,3.02,3.16,187250
2012-08-14,2.98,3.07,2.98,3.06,505750
2012-08-15,2.98,3.0,2.98,2.99,92620
2012-08-16,3.03,3.05,2.98,3.0,358470
2012-08-17,3.1,3.14,3.02,3.07,378970
2012-08-20,3.16,3.16,3.04,3.08,365730
2012-08-21,3.18,3.2,3.1,3.15,195770
2012-08-22,3.16,3.2,3.14,3.18,201520
2012-08-23,3.07,3.18,3.07,3.16,191420
2012-08-24,3.33,3.35,3.03,3.08,481140
2012-08-27,3.44,3.55,3.36,3.36,351000
2012-08-28,3.41,3.44,3.38,3.44,170320
2012-08-29,3.38,3.48,3.37,3.48,70900
2012-08-30,3.3,3.39,3.29,3.36,143730
2012-08-31,3.42,3.43,3.29,3.29,128139
2012-09-03,3.42,3.44,3.4,3.42,63760
2012-09-04,3.46,3.55,3.43,3.45,263910
2012-09-05,3.39,3.5,3.34,3.49,81340
2012-09-06,3.56,3.59,3.39,3.41,249000
2012-09-07,3.66,3.67,3.55,3.59,381690
2012-09-10,3.9,3.91,3.65,3.71,292730
2012-09-11,3.87,3.88,3.75,3.82,204030
2012-09-12,3.86,3.91,3.78,3.86,133400
2012-09-13,3.9,3.9,3.75,3.79,210630
2012-09-14,3.88,3.95,3.81,3.86,457810
2012-09-17,3.95,3.95,3.76,3.87,209040
2012-09-18,3.9,3.95,3.85,3.9,137420
2012-09-19,3.89,3.94,3.82,3.94,80880
2012-09-20,3.8,3.9,3.78,3.9,118950
2012-09-21,3.8,3.86,3.77,3.78,131860
2012-09-24,3.77,3.85,3.77,3.85,96310
2012-09-25,3.71,3.83,3.67,3.83,147550
2012-09-26,3.6,3.71,3.6,3.68,124860
2012-09-27,3.57,3.75,3.57,3.75,89460
2012-09-28,3.55,3.69,3.42,3.69,363450
2012-10-01,3.49,3.59,3.49,3.56,83060
2012-10-02,3.42,3.49,3.4,3.45,112350
2012-10-03,3.45,3.49,3.42,3.45,45500
2012-10-04,3.36,3.5,3.34,3.49,93920
2012-10-05,3.37,3.4,3.36,3.36,89380
2012-10-08,3.22,3.39,3.22,3.37,128949
2012-10-09,3.25,3.26,3.2,3.21,192370
2012-10-10,3.25,3.4,3.2,3.28,311100
2012-10-11,3.14,3.28,3.14,3.22,420520
2012-10-12,3.06,3.19,3.03,3.18,275930
2012-10-15,3.05,3.12,3.04,3.07,155400
2012-10-16,3.08,3.12,3.07,3.07,192990
2012-10-17,3.18,3.2,3.07,3.12,236220
2012-10-18,3.1,3.24,3.09,3.2,193890
2012-10-19,3.03,3.13,3.03,3.09,206750
2012-10-22,3.04,3.12,3.03,3.05,100120
2012-10-23,3.01,3.06,3.01,3.03,135350
2012-10-24,3.01,3.05,3.0,3.0,145340
2012-10-25,3.02,3.03,3.0,3.03,136300
2012-10-26,3.01,3.05,2.99,3.01,147180
2012-10-29,3.02,3.05,3.0,3.0,87130
2012-10-30,3.14,3.15,3.05,3.05,309030
2012-10-31,3.09,3.17,3.09,3.14,118950
2012-11-01,3.05,3.09,3.03,3.06,224430
2012-11-02,3.08,3.08,3.02,3.05,177090
2012-11-05,3.08,3.08,3.03,3.07,45520
2012-11-06,3.06,3.12,3.05,3.07,83580
2012-11-07,3.03,3.12,3.03,3.09,201810
2012-11-08,3.02,3.05,3.0,3.04,91050
2012-11-09,2.94,3.06,2.92,3.06,188970
2012-11-12,2.89,2.96,2.89,2.92,105830
2012-11-13,2.97,2.97,2.85,2.95,168490
2012-11-14,3.04,3.08,2.97,3.07,79190
2012-11-15,3.04,3.06,2.99,3.03,181120
2012-11-16,3.03,3.05,3.01,3.02,117770
2012-11-19,3.05,3.08,3.0,3.03,63980
2012-11-20,3.04,3.09,3.02,3.09,242020
2012-11-21,3.03,3.06,3.03,3.04,66680
2012-11-22,3.05,3.07,3.03,3.03,59460
2012-11-23,3.04,3.05,3.04,3.04,33260
2012-11-26,3.03,3.07,3.01,3.07,42100
2012-11-27,3.05,3.07,3.01,3.07,87520
2012-11-28,3.19,3.19,3.02,3.05,208990
2012-11-29,3.45,3.45,3.19,3.19,636150
2012-11-30,3.37,3.45,3.32,3.45,274870
2012-12-03,3.55,3.57,3.37,3.38,522470
2012-12-04,3.72,3.74,3.53,3.58,473300
2012-12-05,3.77,3.83,3.71,3.76,595700
2012-12-06,3.81,3.81,3.72,3.75,212640
2012-12-07,3.7,3.82,3.61,3.79,182240
2012-12-10,3.55,3.7,3.5,3.64,276960
2012-12-11,3.56,3.62,3.53,3.53,201720
2012-12-12,3.59,3.59,3.44,3.54,191020
2012-12-13,3.74,3.74,3.56,3.61,136890
2012-12-14,3.8,3.83,3.68,3.72,198730
2012-12-17,3.82,3.91,3.77,3.8,144630
2012-12-18,3.93,3.93,3.83,3.88,162820
2012-12-19,4.09,4.17,3.9,3.91,627560
2012-12-20,4.0,4.06,3.96,4.06,513640
2012-12-21,3.87,4.0,3.85,4.0,132530
2012-12-24,3.88,4.01,3.86,4.01,64000
2012-12-27,3.9,3.99,3.86,3.99,99930
2012-12-28,3.99,3.99,3.85,3.88,141800
2012-12-31,3.9,3.97,3.87,3.95,81780
2013-01-02,3.99,4.04,3.92,3.95,203890
2013-01-03,3.99,4.0,3.95,4.0,219000
2013-01-04,3.99,4.03,3.95,3.95,65420
2013-01-07,4.09,4.13,3.98,4.03,246950
2013-01-08,4.33,4.48,4.17,4.24,728690
2013-01-09,4.37,4.49,4.3,4.49,377970
2013-01-10,4.45,4.45,4.33,4.42,500710
2013-01-11,4.8,4.88,4.39,4.47,590700
2013-01-14,4.7,4.79,4.6,4.77,234640
2013-01-15,4.79,4.79,4.64,4.7,549630
2013-01-16,4.82,4.82,4.7,4.7,97000
2013-01-17,4.79,4.87,4.7,4.75,422280
2013-01-18,4.85,4.85,4.71,4.73,380290
2013-01-21,4.86,4.88,4.8,4.8,164320
2013-01-22,4.85,4.89,4.76,4.81,232750
2013-01-23,4.89,4.9,4.75,4.75,220680
2013-01-24,4.92,4.98,4.82,4.82,462940
2013-01-25,4.93,4.94,4.84,4.85,202940
2013-01-28,4.93,5.0,4.85,4.94,356980
2013-01-29,4.71,4.9,4.7,4.88,430630
2013-01-30,4.57,4.77,4.53,4.7,157690
2013-01-31,4.33,4.55,4.3,4.53,419790
2013-02-01,4.09,4.19,4.04,4.13,1940000
2013-02-04,4.11,4.23,4.05,4.07,614780
2013-02-05,4.03,4.1,4.02,4.08,1080000
2013-02-06,4.05,4.13,3.86,4.1,879270
2013-02-07,4.34,4.38,4.08,4.09,1020000
2013-02-08,4.43,4.5,4.28,4.29,442320
2013-02-11,4.42,4.5,4.36,4.39,754480
2013-02-12,4.5,4.51,4.38,4.38,167460
2013-02-13,4.63,4.65,4.49,4.52,255490
2013-02-14,4.49,4.64,4.34,4.64,846280
2013-02-15,4.5,4.54,4.4,4.46,418540
2013-02-18,4.52,4.57,4.46,4.46,188670
2013-02-19,4.65,4.66,4.54,4.57,368470
2013-02-20,4.67,4.68,4.62,4.68,481350
2013-02-21,4.65,4.66,4.54,4.62,382740
2013-02-22,4.66,4.72,4.62,4.63,196490
2013-02-25,4.64,4.76,4.58,4.65,312440
2013-02-26,4.55,4.6,4.42,4.55,204060
2013-02-27,4.58,4.58,4.52,4.52,263510
2013-02-28,4.55,4.63,4.51,4.54,134300
2013-03-01,4.57,4.59,4.45,4.51,156920
2013-03-04,4.66,4.69,4.45,4.49,457840
2013-03-05,4.78,4.78,4.66,4.66,253380
2013-03-06,4.72,4.8,4.71,4.75,135680
2013-03-07,4.85,4.85,4.72,4.82,188890
2013-03-08,4.82,4.88,4.8,4.85,251970
2013-03-11,4.76,4.77,4.63,4.75,508670
2013-03-12,4.77,4.85,4.74,4.77,194620
2013-03-13,4.76,4.81,4.74,4.74,150310
2013-03-14,4.82,4.85,4.76,4.76,168640
2013-03-15,4.82,4.85,4.73,4.85,322430
2013-03-18,4.77,4.77,4.62,4.71,71540
2013-03-19,4.62,4.8,4.6,4.79,201160
2013-03-20,4.74,4.75,4.61,4.63,204390
2013-03-21,4.61,4.73,4.6,4.64,250170
2013-03-22,4.5,4.57,4.42,4.57,351580
2013-03-25,4.42,4.54,4.36,4.5,322690
2013-03-26,4.45,4.49,4.35,4.4,165900
2013-03-27,4.36,4.5,4.33,4.43,51990
2013-03-28,4.25,4.46,4.19,4.38,279040
2013-04-02,4.25,4.33,4.17,4.19,462430
2013-04-03,4.22,4.29,4.19,4.24,127590
2013-04-04,4.18,4.32,4.12,4.19,235420
2013-04-05,4.16,4.23,4.07,4.16,154990
2013-04-08,4.13,4.28,4.08,4.17,130139
2013-04-09,4.21,4.28,4.13,4.15,180550
2013-04-10,4.34,4.36,4.2,4.2,77390
2013-04-11,4.59,4.59,4.33,4.39,200770
2013-04-12,4.5,4.57,4.46,4.51,84730
2013-04-15,4.5,4.57,4.47,4.48,135580
2013-04-16,4.53,4.54,4.5,4.5,106760
2013-04-17,4.5,4.6,4.5,4.52,232340
2013-04-18,4.58,4.59,4.5,4.5,108470
2013-04-19,4.75,4.82,4.51,4.57,375590
2013-04-22,4.72,4.87,4.66,4.66,198850
2013-04-23,4.8,4.84,4.68,4.78,251250
2013-04-24,4.76,4.84,4.72,4.73,95950
2013-04-25,4.65,4.8,4.62,4.8,147120
2013-04-26,4.52,4.74,4.5,4.51,234590
2013-04-29,4.64,4.73,4.54,4.64,154900
2013-04-30,4.62,4.67,4.57,4.64,147950
2013-05-02,4.77,4.77,4.54,4.54,256220
2013-05-03,4.8,4.8,4.7,4.71,94030
2013-05-06,4.71,4.76,4.68,4.68,98130
2013-05-07,4.74,4.78,4.69,4.71,51530
2013-05-08,4.76,4.81,4.67,4.78,157080
2013-05-09,4.74,4.76,4.67,4.69,45930
2013-05-10,4.8,4.82,4.72,4.72,211730
2013-05-13,4.76,4.81,4.75,4.77,129460
2013-05-14,4.79,4.81,4.7,4.75,128210
2013-05-15,4.77,4.82,4.75,4.81,246140
2013-05-16,4.8,4.8,4.75,4.75,136630
2013-05-17,4.96,5.05,4.74,4.74,356550
2013-05-20,5.12,5.19,4.98,5.0,339190
2013-05-21,5.32,5.32,5.14,5.19,425250
2013-05-22,5.12,5.35,5.12,5.35,338660
2013-05-23,4.92,5.01,4.84,5.0,540400
2013-05-24,4.92,4.96,4.83,4.87,188090
2013-05-27,5.05,5.14,4.93,4.98,148830
2013-05-28,5.13,5.24,5.09,5.11,201870
2013-05-29,5.1,5.18,5.02,5.05,119710
2013-05-30,5.15,5.18,5.06,5.14,97160
2013-05-31,5.08,5.16,5.02,5.11,256120
2013-06-03,4.83,5.01,4.78,5.0,347930
2013-06-04,4.84,4.87,4.78,4.83,221400
2013-06-05,4.75,4.89,4.75,4.84,69520
2013-06-06,5.02,5.13,4.66,4.81,299900
2013-06-07,5.41,5.42,4.98,5.07,841390
2013-06-10,5.37,5.4,5.26,5.27,461640
2013-06-11,5.22,5.35,5.15,5.35,523740
2013-06-12,5.25,5.3,5.18,5.24,401510
2013-06-13,5.24,5.29,5.1,5.13,217610
2013-06-14,5.2,5.31,5.13,5.3,182800
2013-06-17,5.26,5.3,5.19,5.19,122160
2013-06-18,5.25,5.27,5.16,5.21,96780
2013-06-19,5.34,5.34,5.19,5.21,210230
2013-06-20,5.18,5.23,5.07,5.15,537850
2013-06-21,5.0,5.15,4.83,5.09,1040000
2013-06-24,4.84,5.03,4.82,5.0,272000
2013-06-25,5.02,5.05,4.81,4.87,201970
2013-06-26,5.2,5.2,4.98,5.0,303200
2013-06-27,5.65,5.74,5.17,5.19,1150000
2013-06-28,6.06,6.09,5.5,5.5,1620000
2013-07-01,6.09,6.18,5.94,6.01,961180
2013-07-02,6.16,6.2,5.99,5.99,721190
2013-07-03,6.12,6.15,5.87,6.07,408840
2013-07-04,6.27,6.38,6.11,6.11,610920
2013-07-05,6.4,6.4,6.23,6.27,313250
2013-07-08,6.46,6.48,6.23,6.37,401150
2013-07-09,6.54,6.55,6.34,6.42,531640
2013-07-10,6.55,6.55,6.41,6.45,397390
2013-07-11,6.61,6.74,6.45,6.56,446780
2013-07-12,6.55,6.68,6.5,6.6,119150
2013-07-15,6.63,6.65,6.5,6.51,169720
2013-07-16,6.61,6.65,6.5,6.58,207810
2013-07-17,6.65,6.66,6.33,6.6,516630
2013-07-18,6.78,6.78,6.56,6.56,346030
2013-07-19,6.81,6.81,6.6,6.73,319260
2013-07-22,6.86,6.94,6.76,6.8,379740
2013-07-23,6.93,6.97,6.83,6.88,513159
2013-07-24,6.96,7.05,6.86,6.92,329900
2013-07-25,7.59,7.65,7.0,7.0,1730000
2013-07-26,7.51,7.56,7.45,7.54,957010
2013-07-29,7.7,7.79,7.41,7.49,1060000
2013-07-30,8.05,8.06,7.56,7.67,745950
2013-07-31,7.86,7.97,7.71,7.9,764150
2013-08-01,7.95,7.96,7.78,7.8,528110
2013-08-02,7.92,8.0,7.74,7.96,389850
2013-08-05,8.14,8.18,7.83,8.05,503500
2013-08-06,8.04,8.17,8.0,8.03,293280
2013-08-07,7.98,8.04,7.85,7.99,322990
2013-08-08,8.04,8.07,7.95,8.0,286870
2013-08-09,8.0,8.08,7.95,8.03,347790
2013-08-12,8.0,8.04,7.95,8.0,330160
2013-08-13,8.0,8.05,7.95,8.0,442760
2013-08-14,7.99,8.07,7.99,8.0,592310
2013-08-15,7.87,8.05,7.82,8.02,242450
2013-08-16,8.0,8.05,7.85,7.9,497170
2013-08-19,7.99,8.02,7.91,8.0,157520
2013-08-20,7.8,7.97,7.43,7.97,323620
2013-08-21,7.62,7.9,7.52,7.9,344230
2013-08-22,7.69,7.78,7.25,7.49,517270
2013-08-23,7.82,7.9,7.6,7.7,309310
2013-08-26,7.74,7.83,7.66,7.82,134930
2013-08-27,7.46,7.78,7.45,7.7,277250
2013-08-28,7.38,7.43,7.06,7.36,536570
2013-08-29,7.59,7.63,7.32,7.33,213790
2013-08-30,7.38,7.58,7.38,7.5,190280
2013-09-02,7.57,7.59,7.41,7.43,190110
2013-09-03,7.61,7.69,7.51,7.57,110330
2013-09-04,7.69,7.74,7.53,7.66,199930
2013-09-05,7.72,7.79,7.63,7.75,126440
2013-09-06,7.69,7.78,7.58,7.75,122800
2013-09-09,7.86,7.86,7.67,7.77,266190
2013-09-10,7.99,8.04,7.86,7.88,696120
2013-09-11,8.0,8.04,7.92,7.92,167680
2013-09-12,7.9,8.0,7.79,7.91,190440
2013-09-13,7.9,8.0,7.83,7.9,385670
2013-09-16,7.9,7.96,7.81,7.88,307670
2013-09-17,8.0,8.0,7.82,7.82,1270000
2013-09-18,8.09,8.15,7.99,7.99,448340
2013-09-19,8.37,8.44,8.25,8.3,697790
2013-09-20,8.73,8.73,8.33,8.45,796080
2013-09-23,8.65,8.69,8.54,8.61,264050
2013-09-24,9.0,9.01,8.65,8.65,499870
2013-09-25,9.26,9.4,8.92,8.92,841260
2013-09-26,9.46,9.46,9.23,9.24,763700
2013-09-27,9.62,9.62,9.37,9.47,559260
2013-09-30,9.51,9.59,8.91,9.52,495200
2013-10-01,9.97,10.11,9.38,9.45,708800
2013-10-02,9.88,10.0,9.74,10.0,595740
2013-10-03,10.0,10.21,9.86,9.92,876830
2013-10-04,10.1,10.11,9.97,10.0,248060
2013-10-07,10.12,10.12,9.97,10.11,434100
2013-10-08,10.37,10.63,10.11,10.15,522400
2013-10-09,10.3,10.37,10.16,10.37,421870
2013-10-10,10.59,10.68,10.35,10.35,378910
2013-10-11,10.66,10.66,10.4,10.57,282200
2013-10-14,10.7,10.8,10.55,10.66,165390
2013-10-15,10.78,10.89,10.69,10.73,322780
2013-10-16,10.98,11.04,10.71,10.78,318130
2013-10-17,11.25,11.25,10.85,11.0,354700
2013-10-18,11.39,11.4,11.13,11.38,303480
2013-10-21,11.5,11.63,11.09,11.26,681890
2013-10-22,11.65,11.83,11.44,11.5,318710
2013-10-23,11.63,11.72,11.48,11.64,290180
2013-10-24,11.72,11.8,11.6,11.6,337930
2013-10-25,11.42,11.64,11.32,11.6,474730
2013-10-28,11.66,11.9,11.44,11.5,509920
2013-10-29,11.73,11.8,11.6,11.64,419710
2013-10-30,11.57,11.8,11.5,11.75,141820
2013-10-31,12.35,12.45,11.66,11.71,624100
2013-11-01,12.22,12.39,12.0,12.2,248820
2013-11-04,11.88,12.45,11.65,12.35,550500
2013-11-05,11.65,12.05,11.31,11.8,797930
2013-11-06,11.54,11.8,11.49,11.57,496670
2013-11-07,11.0,11.52,10.91,11.42,727010
2013-11-08,11.15,11.27,10.51,10.97,953350
2013-11-11,11.27,11.35,11.06,11.28,467890
2013-11-12,11.34,11.46,11.27,11.27,169960
2013-11-13,11.03,11.27,10.91,11.25,248200
2013-11-14,10.9,11.26,10.77,11.26,382370
2013-11-15,10.9,11.04,10.66,10.93,359360
2013-11-18,11.08,11.27,10.86,10.91,482130
2013-11-19,11.1,11.28,11.0,11.05,272620
2013-11-20,10.76,10.76,10.18,10.7,1460000
2013-11-21,10.64,10.89,10.57,10.73,454780
2013-11-22,10.93,11.0,10.6,10.8,318310
2013-11-25,11.07,11.26,10.95,11.05,353490
2013-11-26,11.16,11.32,10.88,11.11,554100
2013-11-27,11.2,11.2,11.0,11.07,186650
2013-11-28,11.24,11.28,11.15,11.2,177730
2013-11-29,11.32,11.57,11.22,11.4,337960
2013-12-02,11.45,11.53,11.03,11.35,354740
2013-12-03,11.09,11.48,11.07,11.31,206510
2013-12-04,11.08,11.14,10.82,11.14,358360
2013-12-05,10.91,11.11,10.84,10.89,239610
2013-12-06,10.96,11.14,10.82,10.89,286990
2013-12-09,11.2,11.34,10.96,10.96,229890
2013-12-10,11.26,11.59,11.03,11.2,349790
2013-12-11,11.43,11.51,11.13,11.13,411640
2013-12-12,11.5,11.55,11.35,11.35,389960
2013-12-13,11.44,11.67,11.27,11.5,388730
2013-12-16,11.5,11.61,11.38,11.39,489950
2013-12-17,11.42,11.52,11.28,11.41,401110
2013-12-18,11.4,11.52,11.33,11.42,290610
2013-12-19,11.66,11.69,11.45,11.6,472210
2013-12-20,11.74,11.79,11.65,11.7,495020
2013-12-23,12.01,12.01,11.65,11.68,310090
2013-12-24,12.01,12.12,11.93,12.01,67150
2013-12-27,12.13,12.13,11.62,11.62,180450
2013-12-30,12.14,12.19,11.92,12.14,267300
2013-12-31,12.02,12.15,11.94,12.02,101820
2014-01-02,12.1,12.25,11.96,12.17,354280
2014-01-03,12.28,12.3,11.97,12.03,232540
2014-01-06,12.66,12.76,12.17,12.17,303680
2014-01-07,12.68,12.77,12.43,12.7,324990
2014-01-08,13.07,13.1,12.7,12.78,549610
2014-01-09,13.04,13.2,12.77,13.01,535950
2014-01-10,13.11,13.16,12.84,13.11,389530
2014-01-13,13.41,13.42,13.06,13.19,558470
2014-01-14,13.28,13.4,13.06,13.4,337120
2014-01-15,13.29,13.41,13.12,13.23,405470
2014-01-16,13.35,13.39,13.15,13.39,314730
2014-01-17,13.94,14.03,13.32,13.32,722990
2014-01-20,13.69,14.0,13.58,14.0,529790
2014-01-21,13.96,13.97,13.55,13.55,504460
2014-01-22,13.94,14.09,13.89,13.89,394310
2014-01-23,13.35,13.98,13.22,13.86,531500
2014-01-24,12.74,13.27,12.68,13.19,527800
2014-01-27,12.85,13.0,12.32,12.46,428990
2014-01-28,13.24,13.39,12.85,13.0,513500
2014-01-29,13.14,13.59,12.92,13.41,435950
2014-01-30,13.57,13.7,12.98,13.0,522600
2014-01-31,13.95,13.97,13.56,13.57,354830
2014-02-03,13.51,14.23,13.42,13.81,406150
2014-02-04,13.88,14.02,13.24,13.49,443080
2014-02-05,13.57,14.1,13.51,14.03,423590
2014-02-06,14.22,14.3,13.56,13.69,338890
2014-02-07,13.98,14.27,13.91,14.1,412380
2014-02-10,14.34,14.41,13.92,13.94,410920
2014-02-11,14.19,14.55,14.05,14.38,346580
2014-02-12,14.21,14.34,14.06,14.2,232810
2014-02-13,14.55,14.55,14.09,14.1,274600
2014-02-14,14.67,14.74,14.4,14.4,287800
2014-02-17,14.77,14.8,14.55,14.72,157230
2014-02-18,14.05,14.79,14.0,14.69,557140
2014-02-19,14.27,14.43,13.84,14.36,398270
2014-02-20,13.73,14.11,13.4,13.96,714130
2014-02-21,13.45,13.92,13.29,13.81,420570
2014-02-24,13.54,13.7,13.25,13.33,252180
2014-02-25,13.36,13.55,13.31,13.4,402930
2014-02-26,12.99,13.4,12.92,13.32,483600
2014-02-27,13.1,13.39,12.77,13.14,473120
2014-02-28,12.9,13.1,12.71,13.01,297940
2014-03-03,12.71,12.95,12.36,12.85,415780
2014-03-04,13.16,13.22,12.66,12.75,475190
2014-03-05,12.95,13.18,12.88,13.15,382390
2014-03-06,13.0,13.1,12.89,13.0,956810
2014-03-07,12.81,13.0,12.73,12.95,505850
2014-03-10,12.77,12.91,12.55,12.59,506240
2014-03-11,12.66,12.96,12.66,12.69,379620
2014-03-12,12.71,12.79,12.36,12.71,381540
2014-03-13,12.38,12.83,12.38,12.8,210710
2014-03-14,11.92,12.4,11.67,12.4,849380
2014-03-17,12.4,12.47,11.9,11.9,405080
2014-03-18,12.34,12.55,12.22,12.54,257250
2014-03-19,12.52,12.72,12.4,12.44,406990
2014-03-20,12.36,12.7,12.21,12.53,364950
2014-03-21,12.58,12.73,12.37,12.4,691230
2014-03-24,12.13,12.75,12.1,12.69,669410
2014-03-25,11.69,12.34,11.57,12.23,1200000
2014-03-26,11.85,12.03,11.73,11.73,538270
2014-03-27,11.57,11.88,11.51,11.88,417990
2014-03-28,11.67,11.85,11.55,11.55,387400
2014-03-31,11.17,11.81,11.17,11.79,765400
2014-04-01,11.44,11.63,11.14,11.33,1060000
2014-04-02,11.2,11.59,11.2,11.44,1550000
2014-04-03,11.46,11.6,11.06,11.16,1680000
2014-04-04,12.33,12.33,11.29,11.29,1200000
2014-04-07,12.07,12.3,12.01,12.23,523880
2014-04-08,11.88,12.17,11.57,12.15,503830
2014-04-09,11.88,12.0,11.65,11.96,267850
2014-04-10,12.0,12.14,11.73,12.0,685290
2014-04-11,11.57,11.88,11.24,11.83,1090000
2014-04-14,11.5,11.69,11.04,11.51,637790
2014-04-15,11.0,11.48,10.93,11.37,887690
2014-04-16,11.07,11.3,11.0,11.13,561220
2014-04-17,11.3,11.32,10.98,11.02,250850
2014-04-22,11.9,11.95,11.31,11.4,511040
2014-04-23,11.67,12.12,11.62,11.94,641080
2014-04-24,11.5,11.92,11.4,11.92,463090
2014-04-25,10.93,11.48,10.93,11.48,634770
2014-04-28,10.58,11.1,10.5,11.1,700770
2014-04-29,10.45,10.68,10.32,10.54,839650
2014-04-30,10.33,10.53,10.22,10.45,1150000
2014-05-02,10.34,10.53,10.26,10.36,647150
2014-05-05,10.42,10.5,10.05,10.33,449870
2014-05-06,10.5,10.61,10.13,10.45,683520
2014-05-07,10.22,10.57,10.15,10.49,689660
2014-05-08,10.44,10.48,10.22,10.22,605430
2014-05-09,10.24,10.34,10.16,10.32,421410
2014-05-12,10.33,10.39,10.1,10.22,513760
2014-05-13,10.42,10.46,10.2,10.37,312910
2014-05-14,10.01,10.41,9.95,10.41,512289
2014-05-15,9.55,10.07,9.51,10.03,632320
2014-05-16,9.69,9.72,9.48,9.7,557090
2014-05-19,9.99,9.99,9.7,9.75,1030000
2014-05-20,10.31,10.36,9.93,10.0,501680
2014-05-21,10.4,10.45,10.24,10.3,389190
2014-05-22,10.52,10.53,10.34,10.4,429750
2014-05-23,10.76,10.8,10.47,10.53,613670
2014-05-26,11.04,11.04,10.76,10.8,492160
2014-05-27,11.3,11.33,10.97,11.04,546370
2014-05-28,11.38,11.45,11.14,11.3,296290
2014-05-29,11.32,11.4,11.07,11.32,366000
2014-05-30,11.54,11.55,11.27,11.27,552130
2014-06-02,11.44,11.6,11.32,11.52,487770
2014-06-03,11.21,11.42,11.14,11.39,323650
2014-06-04,11.42,11.44,11.02,11.08,360360
2014-06-05,11.29,11.41,11.15,11.37,504040
2014-06-06,12.01,12.01,11.26,11.37,636980
2014-06-09,11.96,12.06,11.61,12.0,397170
2014-06-10,11.95,12.06,11.83,11.96,267270
2014-06-11,11.56,12.0,11.52,12.0,342680
2014-06-12,11.53,11.59,11.41,11.5,457360
2014-06-13,11.53,11.62,11.26,11.62,270750
2014-06-16,11.23,11.58,11.2,11.57,301650
2014-06-17,11.16,11.52,10.82,11.19,536260
2014-06-18,10.96,11.1,10.87,11.0,500120
2014-06-19,11.01,11.1,10.76,11.1,560180
2014-06-20,11.11,11.36,10.9,10.9,1390000
2014-06-23,10.9,11.14,10.9,11.11,379880
2014-06-24,10.76,10.97,10.75,10.91,381430
2014-06-25,10.49,10.7,10.38,10.65,833850
2014-06-26,10.5,10.65,10.47,10.61,490670
2014-06-27,10.46,10.6,10.35,10.37,620530
2014-06-30,10.46,10.58,10.13,10.5,625320
2014-07-01,10.74,10.82,10.53,10.57,412800
2014-07-02,10.95,11.0,10.52,10.8,538150
2014-07-03,10.58,11.0,10.46,10.99,532290
2014-07-04,10.78,10.86,10.57,10.65,367170
2014-07-07,10.7,10.89,10.64,10.72,349140
2014-07-08,10.33,10.7,10.3,10.67,597890
2014-07-09,10.13,10.45,10.08,10.42,186430
2014-07-10,9.71,10.13,9.71,10.13,1010000
2014-07-11,9.7,10.04,9.63,9.71,287960
2014-07-14,9.7,9.84,9.63,9.72,362450
2014-07-15,9.65,9.8,9.56,9.7,336450
2014-07-16,9.86,9.86,9.53,9.72,498790
2014-07-17,10.02,10.2,9.79,9.87,626060
2014-07-18,10.03,10.28,9.84,9.95,317090
2014-07-21,10.0,10.24,9.85,10.05,447740
2014-07-22,10.21,10.43,10.12,10.33,846020
2014-07-23,10.51,10.53,10.2,10.2,700430
2014-07-24,11.27,11.3,10.46,10.46,1540000
2014-07-25,11.5,11.59,11.21,11.23,865030
2014-07-28,11.28,11.64,11.28,11.53,517760
2014-07-29,11.08,11.43,11.03,11.28,474400
2014-07-30,11.13,11.22,10.87,11.04,493500
2014-07-31,10.99,11.07,10.91,11.06,382020
2014-08-01,11.19,11.23,10.94,10.94,570260
2014-08-04,11.01,11.28,10.85,11.21,298500
2014-08-05,10.6,11.15,10.47,11.02,691180
2014-08-06,10.33,10.57,10.22,10.57,624200
2014-08-07,10.28,10.61,10.03,10.25,594870
2014-08-08,10.68,10.75,10.04,10.25,325530
2014-08-11,10.96,11.06,10.72,10.73,389060
2014-08-12,10.95,11.05,10.67,11.02,264930
2014-08-13,11.01,11.12,10.9,10.94,258180
2014-08-14,11.17,11.24,10.81,10.99,200620
2014-08-15,10.7,11.16,10.7,11.16,158810
2014-08-18,11.06,11.12,10.79,10.87,230910
2014-08-19,11.24,11.32,10.98,11.13,230640
2014-08-20,11.27,11.31,11.11,11.19,146850
2014-08-21,11.29,11.35,11.05,11.22,234690
2014-08-22,11.23,11.55,11.17,11.24,192410
2014-08-25,11.48,11.57,11.32,11.39,177450
2014-08-26,11.53,11.54,11.33,11.35,270070
2014-08-27,11.4,11.48,11.19,11.35,328790
2014-08-28,11.28,11.4,11.21,11.3,148870
2014-08-29,11.11,11.36,11.05,11.23,174470
2014-09-01,11.17,11.33,11.07,11.26,233490
2014-09-02,11.05,11.36,11.05,11.12,159340
2014-09-03,11.16,11.42,11.07,11.07,756970
2014-09-04,12.0,12.31,11.16,11.23,1300000
2014-09-05,12.2,12.4,12.05,12.24,459460
2014-09-08,12.09,12.29,11.91,12.22,281810
2014-09-09,12.09,12.18,11.95,12.18,209710
2014-09-10,11.87,12.14,11.72,12.12,301330
2014-09-11,12.4,12.4,11.9,11.9,439640
2014-09-12,13.01,13.24,12.3,12.41,1160000
2014-09-15,12.92,13.12,12.76,13.0,437400
2014-09-16,12.47,12.79,12.41,12.76,480680
2014-09-17,12.66,12.91,12.46,12.5,234550
2014-09-18,12.67,12.89,12.47,12.8,307030
2014-09-19,13.05,13.15,12.77,12.86,629490
2014-09-22,12.71,13.04,12.67,12.91,195010
2014-09-23,12.44,12.7,12.26,12.7,231440
2014-09-24,12.18,12.44,12.03,12.44,282050
2014-09-25,12.48,12.99,12.29,12.3,398430
2014-09-26,12.29,12.5,12.07,12.5,374250
2014-09-29,12.29,12.52,12.16,12.25,169790
2014-09-30,12.05,12.33,11.9,12.3,467620
2014-10-01,12.27,12.39,12.05,12.05,495690
2014-10-02,11.66,12.37,11.65,12.37,319950
2014-10-03,11.98,12.0,11.6,11.83,219860
2014-10-06,12.12,12.37,11.9,12.0,273660
2014-10-07,11.71,12.03,11.68,12.03,423890
2014-10-08,11.3,11.75,11.26,11.6,391730
2014-10-09,11.31,11.6,11.1,11.48,539000
2014-10-10,11.23,11.45,10.9,11.29,610720
2014-10-13,11.22,11.45,11.03,11.29,335520
2014-10-14,11.25,11.34,11.04,11.3,464380
2014-10-15,10.68,11.41,10.54,11.3,419950
2014-10-16,10.59,10.98,10.06,10.76,316380
2014-10-17,11.04,11.14,10.74,10.76,245490
2014-10-20,11.0,11.16,10.92,11.12,248610
2014-10-21,11.27,11.46,10.99,11.05,420390
2014-10-22,11.39,11.49,11.34,11.34,597890
2014-10-23,12.09,12.4,11.51,11.51,780600
2014-10-24,12.13,12.3,11.88,12.24,330410
2014-10-27,11.84,12.3,11.8,12.3,352480
2014-10-28,11.86,12.08,11.7,12.06,517380
2014-10-29,11.67,12.02,11.55,11.8,259480
2014-10-30,11.62,11.87,11.28,11.7,219220
2014-10-31,11.69,11.89,11.58,11.89,404430
2014-11-03,11.69,12.1,11.51,11.77,477900
2014-11-04,11.68,12.08,11.52,11.71,461490
2014-11-05,11.68,11.95,11.39,11.95,297460
2014-11-06,11.39,11.65,11.3,11.58,172010
2014-11-07,11.27,11.54,11.06,11.54,334160
2014-11-10,11.36,11.43,11.16,11.29,136080
2014-11-11,11.33,11.55,11.22,11.4,330390
2014-11-12,11.01,11.37,10.9,11.22,322040
2014-11-13,11.1,11.16,10.94,10.95,271430
2014-11-14,11.11,11.17,11.0,11.07,279830
2014-11-17,11.26,11.34,10.83,10.95,278310
2014-11-18,11.2,11.3,11.02,11.2,263660
2014-11-19,10.8,10.96,10.61,10.96,724820
2014-11-20,10.63,10.77,10.48,10.72,607620
2014-11-21,10.94,11.06,10.65,10.67,295700
2014-11-24,11.29,11.39,10.71,10.91,527720
2014-11-25,11.5,11.57,11.26,11.35,370600
2014-11-26,10.95,11.47,10.74,11.4,692940
2014-11-27,11.06,11.16,10.84,11.04,417310
2014-11-28,11.08,11.15,10.81,11.08,277370
2014-12-01,11.12,11.14,10.73,11.08,471670
2014-12-02,11.44,11.6,10.98,11.23,339160
2014-12-03,11.6,11.75,11.38,11.38,224340
2014-12-04,11.21,11.76,11.11,11.6,241520
2014-12-05,11.49,11.56,11.22,11.37,121630
2014-12-08,11.5,11.62,11.42,11.51,138080
2014-12-09,10.95,11.47,10.9,11.43,580030
2014-12-10,10.99,11.17,10.88,11.09,184570
2014-12-11,10.81,11.08,10.62,10.97,352110
2014-12-12,10.73,10.83,10.01,10.37,274340
2014-12-15,10.62,11.06,10.62,10.73,316140
2014-12-16,11.03,11.07,10.37,10.69,509660
2014-12-17,11.21,11.31,10.94,11.02,403610
2014-12-18,11.55,11.61,11.38,11.4,354590
2014-12-19,11.46,11.74,11.34,11.65,247980
2014-12-22,11.65,11.75,11.44,11.44,204160
2014-12-23,11.8,11.89,11.56,11.7,410810
2014-12-24,11.61,12.0,11.58,11.58,104060
2014-12-29,11.69,11.9,11.44,11.9,200430
2014-12-30,11.69,11.79,11.48,11.51,212780
2014-12-31,11.64,11.79,11.54,11.66,121560
2015-01-02,11.76,12.0,11.63,11.7,281960
2015-01-05,11.53,11.99,11.46,11.7,293280
2015-01-06,11.01,11.51,10.98,11.5,247980
2015-01-07,11.05,11.31,10.96,11.11,185070
2015-01-08,11.62,11.7,11.13,11.26,291640
2015-01-09,11.77,11.9,11.47,11.47,356130
2015-01-12,11.54,11.9,11.35,11.72,357150
2015-01-13,11.62,11.87,11.53,11.57,207150
2015-01-14,11.57,11.59,11.13,11.56,308400
2015-01-15,11.64,11.65,11.31,11.58,412170
2015-01-16,11.7,11.83,11.46,11.47,203390
2015-01-19,11.73,11.88,11.66,11.72,375390
2015-01-20,11.75,11.84,11.61,11.83,324200
2015-01-21,11.8,11.85,11.51,11.84,480180
2015-01-22,11.98,12.08,11.7,11.85,325640
2015-01-23,12.35,12.47,12.0,12.03,730030
2015-01-26,12.45,12.6,11.84,12.25,304150
2015-01-27,12.31,12.71,12.25,12.47,374020
2015-01-28,12.82,12.86,12.13,12.48,505140
2015-01-29,12.8,13.5,12.54,12.75,781040
2015-01-30,13.02,13.17,12.8,12.93,2660000
2015-02-02,12.46,13.15,12.34,12.93,386870
2015-02-03,13.0,13.11,12.5,12.6,827940
2015-02-04,13.15,13.29,12.71,13.07,636050
2015-02-05,13.37,13.42,13.05,13.12,688560
2015-02-06,13.5,13.63,13.24,13.39,587990
2015-02-09,13.25,13.49,13.12,13.39,403870
2015-02-10,13.44,13.49,13.14,13.16,526550
2015-02-11,13.27,13.39,13.21,13.37,422540
2015-02-12,13.42,13.54,13.21,13.21,368680
2015-02-13,13.47,13.57,13.22,13.45,546260
2015-02-16,13.37,13.58,13.34,13.42,209740
2015-02-17,13.3,13.43,13.12,13.25,413230
2015-02-18,13.7,13.7,13.29,13.42,448340
2015-02-19,13.9,13.92,13.5,13.6,579070
2015-02-20,14.01,14.06,13.82,13.85,792890
2015-02-23,13.95,14.11,13.92,14.0,546890
2015-02-24,14.06,14.14,13.73,13.9,572810
2015-02-25,13.99,14.15,13.89,14.14,252640
2015-02-26,13.62,13.9,12.7,13.85,1150000
2015-02-27,13.57,13.77,13.29,13.45,808880
2015-03-02,13.27,13.63,13.16,13.49,521490
2015-03-03,12.9,13.1,12.81,12.93,754700
2015-03-04,12.99,13.13,12.7,13.13,566050
2015-03-05,13.39,13.54,13.1,13.15,658120
2015-03-06,13.47,13.61,13.21,13.4,600520
2015-03-09,13.49,13.5,13.21,13.47,202610
2015-03-10,13.31,13.61,13.16,13.38,307540
2015-03-11,13.71,13.8,13.24,13.24,482440
2015-03-12,13.9,13.96,13.57,13.64,509140
2015-03-13,14.1,14.12,13.87,13.92,509580
2015-03-16,13.98,14.2,13.95,14.05,427680
2015-03-17,13.88,14.08,13.66,13.94,332080
2015-03-18,13.9,14.06,13.7,13.95,397090
2015-03-19,13.68,13.78,13.29,13.52,1250000
2015-03-20,13.76,13.95,13.61,13.69,891150
2015-03-23,13.76,13.84,13.63,13.73,355520
2015-03-24,14.19,14.25,13.71,13.74,682240
2015-03-25,14.22,14.39,14.11,14.24,543700
2015-03-26,14.05,14.18,13.72,14.12,310430
2015-03-27,13.86,14.35,13.84,14.03,494760
2015-03-30,14.06,14.23,13.9,13.97,495030
2015-03-31,14.07,14.27,13.98,14.06,411440
2015-04-01,13.98,14.15,13.92,13.99,266080
2015-04-02,14.2,14.3,13.99,14.11,993650
2015-04-07,14.74,14.89,14.24,14.25,472850
2015-04-08,14.94,15.1,14.62,14.74,553130
2015-04-09,15.11,15.35,14.92,14.95,417080
2015-04-10,15.36,15.6,15.2,15.27,534080
2015-04-13,15.49,15.55,15.39,15.42,634260
2015-04-14,15.34,15.59,15.25,15.44,327860
2015-04-15,15.61,15.8,15.43,15.5,415470
2015-04-16,15.19,15.55,15.12,15.52,538090
2015-04-17,14.61,15.13,14.5,15.13,697610
2015-04-20,14.32,14.83,14.05,14.62,582160
2015-04-21,14.73,14.9,14.45,14.46,547490
2015-04-22,14.65,14.95,14.29,14.84,487320
2015-04-23,14.77,15.43,14.65,15.06,632580
2015-04-24,14.5,14.78,14.37,14.6,477920
2015-04-27,14.63,15.03,14.32,14.5,775080
2015-04-28,14.8,15.04,14.66,14.8,849120
2015-04-29,14.35,14.94,14.31,14.74,475580
2015-04-30,14.46,14.5,14.1,14.35,703680
2015-05-04,14.44,14.61,14.37,14.5,306760
2015-05-05,13.76,14.5,13.71,14.5,621970
2015-05-06,13.62,13.95,13.56,13.8,765040
2015-05-07,13.73,13.86,13.2,13.65,746770
2015-05-08,14.11,14.33,13.7,13.7,892860
2015-05-11,14.18,14.3,13.99,14.05,340970
2015-05-12,14.16,14.33,13.88,14.13,503100
2015-05-13,14.44,14.52,14.18,14.31,397530
2015-05-14,14.4,14.48,14.28,14.39,204190
2015-05-15,14.53,14.63,14.37,14.47,234330
2015-05-18,14.66,14.74,14.45,14.55,294470
2015-05-19,14.98,15.05,14.67,14.7,347870
2015-05-20,14.86,15.03,14.8,14.98,287090
2015-05-21,14.96,15.03,14.69,14.91,199140
2015-05-22,14.93,15.09,14.78,15.05,201570
2015-05-25,14.14,14.86,14.14,14.82,462710
2015-05-26,14.13,14.3,13.85,14.1,888260
2015-05-27,13.88,14.08,13.79,14.01,631160
2015-05-28,14.04,14.1,13.79,13.89,670090
2015-05-29,13.66,14.09,13.33,14.0,786660
2015-06-01,13.78,13.84,13.54,13.7,309250
2015-06-02,13.82,13.94,13.56,13.9,234530
2015-06-03,13.67,13.97,13.64,13.84,540010
2015-06-04,13.64,13.83,13.46,13.56,385470
2015-06-05,13.44,13.67,13.22,13.47,330890
2015-06-08,13.29,13.63,13.22,13.47,269710
2015-06-09,13.41,13.43,13.07,13.22,376710
2015-06-10,13.75,13.81,13.26,13.42,252370
2015-06-11,13.81,13.87,13.67,13.67,480820
2015-06-12,13.78,13.84,13.49,13.84,364070
2015-06-15,13.5,13.67,13.4,13.62,232740
2015-06-16,13.69,13.76,13.22,13.35,272370
2015-06-17,13.56,13.78,13.47,13.69,574190
2015-06-18,14.12,14.15,13.51,13.55,638360
2015-06-19,14.32,14.66,14.14,14.21,707680
2015-06-22,14.47,14.65,14.2,14.5,324540
2015-06-23,14.38,14.57,14.29,14.55,505210
2015-06-24,14.32,14.37,14.14,14.33,318990
2015-06-25,14.34,14.58,14.07,14.21,363950
2015-06-26,14.54,14.66,14.24,14.35,574730
2015-06-29,13.9,14.29,13.32,13.56,497050
2015-06-30,13.9,14.05,13.6,13.78,255600
2015-07-01,14.23,14.34,13.84,13.94,310830
2015-07-02,14.07,14.37,14.02,14.25,229420
2015-07-03,14.13,14.17,13.95,14.17,297770
2015-07-06,13.87,14.03,13.81,13.92,163330
2015-07-07,13.69,14.04,13.56,13.93,211800
2015-07-08,13.54,13.75,13.47,13.75,381820
2015-07-09,14.15,14.56,13.34,13.4,834280
2015-07-10,14.46,14.58,14.05,14.52,343280
2015-07-13,15.1,15.22,14.55,14.59,573300
2015-07-14,15.04,15.13,14.77,15.13,454650
2015-07-15,15.55,15.55,15.0,15.09,614470
2015-07-16,15.67,15.8,15.48,15.51,897050
2015-07-17,15.56,15.8,15.5,15.78,434360
2015-07-20,15.6,15.87,15.51,15.52,398580
2015-07-21,15.39,15.7,15.32,15.68,254180
2015-07-22,15.53,15.63,14.66,14.72,514250
2015-07-23,15.1,15.64,14.81,15.42,934600
2015-07-24,14.06,15.0,13.97,14.77,1220000
2015-07-27,13.85,13.95,13.52,13.87,829450
2015-07-28,13.71,13.92,13.63,13.86,618310
2015-07-29,13.88,13.96,13.49,13.91,601800
2015-07-30,13.4,14.04,13.27,14.03,582550
2015-07-31,13.66,13.68,13.35,13.45,826630
2015-08-03,14.0,14.03,13.59,13.7,683110
2015-08-04,13.65,13.98,13.48,13.98,419600
2015-08-05,13.72,13.93,13.63,13.71,358260
2015-08-06,13.47,13.72,13.39,13.72,320980
2015-08-07,13.2,13.43,13.16,13.42,346130
2015-08-10,13.27,13.34,13.1,13.33,407280
2015-08-11,13.0,13.26,12.98,13.17,368970
2015-08-12,12.59,12.89,12.22,12.82,689480
2015-08-13,12.56,12.83,12.43,12.8,666930
2015-08-14,12.45,12.63,12.43,12.43,344360
2015-08-17,12.69,12.77,12.48,12.6,512640
2015-08-18,13.09,13.25,12.61,12.68,788890
2015-08-19,13.22,13.34,13.02,13.09,625130
2015-08-20,12.94,13.42,12.86,13.05,746300
2015-08-21,12.72,12.98,12.55,12.72,606420
2015-08-24,12.31,12.44,11.73,12.41,896090
2015-08-25,12.92,13.16,12.09,12.45,682050
2015-08-26,12.88,13.1,12.55,12.71,425030
2015-08-27,13.36,13.43,13.11,13.2,480950
2015-08-28,13.09,13.39,13.01,13.39,512370
2015-08-31,13.22,13.25,12.95,13.04,255170
2015-09-01,12.97,13.08,12.75,13.03,387900
2015-09-02,12.64,13.15,12.57,12.98,612010
2015-09-03,12.69,13.06,12.65,12.75,636020
2015-09-04,12.17,12.52,12.07,12.52,970760
2015-09-07,12.06,12.35,11.95,12.26,745710
2015-09-08,12.12,12.2,11.99,12.07,618950
2015-09-09,12.29,12.69,12.23,12.41,498440
2015-09-10,12.12,12.23,12.07,12.15,391360
2015-09-11,12.04,12.16,11.97,12.16,288350
2015-09-14,12.01,12.14,11.96,12.0,305130
2015-09-15,12.13,12.2,11.9,12.05,257779
2015-09-16,12.03,12.21,11.98,12.21,454220
2015-09-17,12.24,12.26,12.05,12.16,327660
2015-09-18,12.25,12.3,12.01,12.17,517190
2015-09-21,11.95,12.36,11.95,12.25,554680
2015-09-22,11.39,11.88,11.34,11.88,473470
2015-09-23,11.3,11.62,11.19,11.52,563330
2015-09-24,11.36,11.56,11.26,11.37,543100
2015-09-25,11.71,11.81,11.53,11.58,420720
2015-09-28,11.39,11.74,11.38,11.69,292390
2015-09-29,11.07,11.34,10.9,11.0,400610
2015-09-30,11.37,11.4,11.05,11.22,306030
2015-10-01,11.51,11.74,11.4,11.5,549220
2015-10-02,11.55,11.72,11.34,11.6,517740
2015-10-05,12.17,12.24,11.72,11.72,367810
2015-10-06,12.19,12.33,12.09,12.25,333750
2015-10-07,12.31,12.54,12.21,12.32,515820
2015-10-08,12.42,12.44,12.24,12.41,485990
2015-10-09,12.49,12.57,12.33,12.53,526410
2015-10-12,12.24,12.58,12.22,12.57,362850
2015-10-13,11.98,12.25,11.94,12.25,269540
2015-10-14,11.5,11.68,11.41,11.61,533190
2015-10-15,11.36,11.6,11.34,11.59,648350
2015-10-16,11.78,12.08,11.39,11.39,972000
2015-10-19,11.58,11.84,11.56,11.8,381040
2015-10-20,11.1,11.59,11.05,11.58,1150000
2015-10-21,11.09,11.37,11.09,11.37,745690
2015-10-22,11.61,11.75,11.44,11.5,897260
2015-10-23,11.85,11.97,11.41,11.43,1530000
2015-10-26,11.72,11.99,11.71,11.95,397700
2015-10-27,11.51,11.77,11.49,11.77,299220
2015-10-28,11.59,11.69,11.37,11.5,338300
2015-10-29,11.85,12.26,11.65,11.65,753760
2015-10-30,11.67,11.93,11.51,11.93,830060
2015-11-02,11.84,11.88,11.52,11.53,445190
2015-11-03,11.98,12.05,11.8,11.8,238570
2015-11-04,11.85,12.14,11.8,12.06,276010
2015-11-05,11.75,11.9,11.65,11.9,247560
2015-11-06,11.63,11.87,11.53,11.78,471550
2015-11-09,11.52,11.66,11.41,11.66,348360
2015-11-10,11.4,11.48,11.23,11.45,413530
2015-11-11,11.37,11.45,11.25,11.37,827640
2015-11-12,11.01,11.53,10.94,11.25,946160
2015-11-13,10.78,11.16,10.65,11.0,913080
2015-11-16,10.73,10.78,10.55,10.64,556740
2015-11-17,11.14,11.14,10.79,10.86,379050
2015-11-18,11.16,11.26,10.89,11.16,389760
2015-11-19,11.16,11.34,11.08,11.28,337210
2015-11-20,11.31,11.36,11.09,11.21,472540
2015-11-23,11.18,11.36,11.13,11.36,716250
2015-11-24,11.0,11.19,10.93,11.19,246750
2015-11-25,11.28,11.29,10.95,11.05,234700
2015-11-26,11.24,11.28,11.15,11.21,183630
2015-11-27,11.36,11.47,11.11,11.11,280440
2015-11-30,11.47,11.55,11.32,11.32,344280
2015-12-01,11.55,11.67,11.43,11.55,660040
2015-12-02,11.49,11.6,11.29,11.6,475110
2015-12-03,11.21,11.56,11.15,11.51,600460
2015-12-04,11.15,11.25,10.99,11.25,331470
2015-12-07,10.82,11.25,10.77,11.2,543210
2015-12-08,10.57,10.87,10.46,10.8,378430
2015-12-09,10.58,10.6,10.33,10.56,369240
2015-12-10,10.26,10.58,10.06,10.51,721900
2015-12-11,10.19,10.35,9.95,10.25,714340
2015-12-14,10.14,10.4,10.13,10.28,733590
2015-12-15,11.0,11.0,10.16,10.29,881320
2015-12-16,10.69,11.03,10.55,10.94,521690
2015-12-17,10.75,10.8,10.5,10.74,708020
2015-12-18,10.47,10.76,10.32,10.72,539140
2015-12-21,9.86,10.35,9.86,10.35,948440
2015-12-22,9.65,9.88,9.47,9.88,825820
2015-12-23,9.87,9.93,9.72,9.73,429520
2015-12-24,9.84,9.91,9.81,9.87,133250
2015-12-28,9.8,9.94,9.64,9.79,407270
2015-12-29,9.87,9.99,9.75,9.84,396480
2015-12-30,9.91,9.96,9.74,9.74,210580
2015-12-31,9.84,9.95,9.76,9.94,128860
2016-01-04,9.82,9.97,9.5,9.7,909220
2016-01-05,9.72,9.94,9.63,9.9,573180
2016-01-06,9.52,9.75,9.43,9.74,427910
2016-01-07,9.27,9.35,9.16,9.32,702150
2016-01-08,9.26,9.49,9.2,9.33,699440
2016-01-11,8.92,9.35,8.89,9.17,461960
2016-01-12,8.89,9.03,8.78,8.98,808610
2016-01-13,8.94,9.07,8.9,9.07,702210
2016-01-14,8.7,8.89,8.61,8.82,752180
2016-01-15,8.33,8.75,8.26,8.69,636770
2016-01-18,8.28,8.47,8.13,8.18,441950
2016-01-19,8.2,8.51,8.07,8.51,793870
2016-01-20,7.88,8.1,7.83,8.06,778930
2016-01-21,8.0,8.13,7.72,7.86,890600
2016-01-22,8.65,9.06,8.41,8.41,1680000
2016-01-25,8.4,8.67,8.26,8.67,665150
2016-01-26,8.69,8.75,8.14,8.27,885400
2016-01-27,8.64,8.81,8.48,8.75,572940
2016-01-28,8.68,8.88,8.52,8.82,722570
2016-01-29,8.71,8.8,8.49,8.8,758340
2016-02-01,8.85,8.99,8.66,8.8,856740
2016-02-02,8.71,8.86,8.57,8.8,844530
2016-02-03,8.53,8.77,8.38,8.62,991210
2016-02-04,8.89,8.95,8.38,8.61,929730
2016-02-05,9.03,9.12,8.85,8.88,1050000
2016-02-08,8.59,9.03,8.39,9.01,1610000
2016-02-09,8.21,8.7,8.17,8.66,1660000
2016-02-10,8.22,8.36,8.01,8.28,1400000
2016-02-11,7.81,8.17,7.81,8.17,946900
2016-02-12,7.8,7.94,7.66,7.86,1080000
2016-02-15,7.76,8.02,7.76,8.01,1200000
2016-02-16,7.73,7.84,7.42,7.8,1640000
2016-02-17,8.33,8.39,7.76,7.84,1270000
2016-02-18,8.6,8.68,8.26,8.35,1020000
2016-02-19,8.52,8.69,8.4,8.69,977180
2016-02-22,8.48,8.72,8.44,8.49,726430
2016-02-23,8.55,8.74,8.37,8.46,965010
2016-02-24,8.28,8.56,8.1,8.56,914980
2016-02-25,8.85,9.11,8.14,8.4,2180000
2016-02-26,9.33,9.41,8.98,9.1,1630000
2016-02-29,9.59,9.59,9.13,9.35,1040000
2016-03-01,10.02,10.02,9.57,9.65,1230000
2016-03-02,9.86,10.09,9.69,10.09,961670
2016-03-03,10.03,10.07,9.77,9.96,756690
2016-03-04,10.06,10.1,9.87,10.08,570660
2016-03-07,10.11,10.17,9.82,10.1,583970
2016-03-08,9.97,10.12,9.87,10.07,772010
2016-03-09,10.03,10.12,9.87,9.94,1010000
2016-03-10,9.82,10.23,9.82,10.06,602660
2016-03-11,10.24,10.29,9.97,10.01,351070
2016-03-14,10.34,10.41,10.26,10.31,422330
2016-03-15,10.12,10.36,10.02,10.33,646700
2016-03-16,10.31,10.34,10.07,10.18,286700
2016-03-17,10.02,10.41,9.87,10.34,374560
2016-03-18,10.3,10.37,9.91,9.97,356070
2016-03-21,10.14,10.5,10.1,10.24,370630
2016-03-22,10.12,10.28,9.94,10.07,383060
2016-03-23,9.87,10.31,9.83,10.21,436930
2016-03-24,9.72,9.93,9.72,9.8,406060
2016-03-29,9.7,9.88,9.66,9.78,370060
2016-03-30,9.79,9.92,9.71,9.71,497000
2016-03-31,9.63,9.83,9.57,9.8,455280
2016-04-01,9.65,9.74,9.45,9.59,353430
2016-04-04,9.51,9.71,9.38,9.66,443290
2016-04-05,9.33,9.46,9.26,9.44,403750
2016-04-06,9.45,9.52,9.29,9.4,418470
2016-04-07,9.56,9.66,9.45,9.5,792100
2016-04-08,9.84,9.85,9.6,9.6,554530
2016-04-11,9.78,9.95,9.7,9.9,715040
2016-04-12,9.68,9.87,9.55,9.87,466560
2016-04-13,9.9,9.98,9.67,9.7,683630
2016-04-14,10.09,10.09,9.85,9.95,641390
2016-04-15,10.39,10.47,10.18,10.33,765030
2016-04-18,10.3,10.38,10.18,10.32,548400
2016-04-19,10.71,10.84,10.35,10.38,720690
2016-04-20,11.29,11.43,10.64,10.79,1600000
2016-04-21,11.28,11.6,10.96,11.18,1510000
2016-04-22,11.05,11.46,10.91,11.38,1480000
2016-04-25,11.3,11.41,11.06,11.12,566450
2016-04-26,11.46,11.56,11.3,11.43,1080000
2016-04-27,11.42,11.64,11.41,11.53,919040
2016-04-28,11.35,11.38,11.09,11.33,602260
2016-04-29,11.37,11.46,11.21,11.21,815470
2016-05-02,11.21,11.38,11.12,11.26,257120
2016-05-03,11.13,11.27,11.07,11.27,700790
2016-05-04,11.03,11.2,10.79,11.05,449680
2016-05-05,11.31,11.45,10.99,10.99,859040
2016-05-06,11.28,11.4,11.14,11.25,530680
2016-05-09,11.14,11.34,11.07,11.3,485450
2016-05-10,11.15,11.28,11.13,11.16,515130
2016-05-11,11.05,11.2,10.92,11.16,472470
2016-05-12,11.01,11.19,10.93,10.98,448480
2016-05-13,11.09,11.18,10.87,10.94,397850
2016-05-16,11.07,11.08,10.86,11.01,205570
2016-05-17,11.03,11.2,10.92,11.11,295930
2016-05-18,11.1,11.23,10.97,11.04,441800
2016-05-19,10.91,11.11,10.88,11.1,388270
2016-05-20,11.01,11.12,10.91,10.91,466580
2016-05-23,11.14,11.21,10.84,10.95,581260
2016-05-24,11.15,11.23,11.07,11.2,560400
2016-05-25,11.45,11.58,11.16,11.23,903820
2016-05-26,11.48,11.54,11.4,11.52,503560
2016-05-27,11.57,11.58,11.43,11.5,479010
2016-05-30,11.7,11.77,11.56,11.6,192940
2016-05-31,11.72,11.79,11.63,11.79,633370
2016-06-01,11.55,11.71,11.43,11.7,445220
2016-06-02,11.37,11.63,11.23,11.55,1050000
2016-06-03,11.06,11.39,11.04,11.39,705800
2016-06-06,11.06,11.16,10.96,11.11,525290
2016-06-07,11.44,11.47,11.15,11.21,605560
2016-06-08,11.37,11.46,11.22,11.46,364070
2016-06-09,11.07,11.3,10.91,11.3,476320
2016-06-10,10.37,10.98,10.33,10.97,562270
2016-06-13,10.15,10.23,9.98,10.2,408720
2016-06-14,9.76,10.11,9.72,10.09,688710
2016-06-15,9.81,9.93,9.67,9.93,576580
2016-06-16,9.64,9.78,9.49,9.67,796020
2016-06-17,10.16,10.16,9.7,9.72,701800
2016-06-20,10.5,10.5,10.1,10.23,667160
2016-06-21,10.3,10.41,10.12,10.41,473060
2016-06-22,10.23,10.38,10.23,10.29,505710
2016-06-23,10.3,10.36,9.99,10.22,785680
2016-06-24,9.03,9.45,8.7,9.05,1420000
2016-06-27,8.67,9.21,8.61,9.1,1100000
2016-06-28,8.75,8.99,8.57,8.92,848780
2016-06-29,8.85,9.11,8.8,9.0,1340000
2016-06-30,8.72,8.94,8.7,8.9,1320000
2016-07-01,9.25,9.3,8.65,8.86,1010000
2016-07-04,8.69,9.19,8.64,9.05,1350000
2016-07-05,8.65,8.7,8.49,8.67,893460
2016-07-06,8.68,8.8,8.5,8.8,1030000
2016-07-07,8.98,9.02,8.7,8.77,1180000
2016-07-08,9.17,9.25,8.85,8.95,673870
2016-07-11,9.36,9.39,9.06,9.26,415420
2016-07-12,9.81,9.84,9.4,9.42,1090000
2016-07-13,9.89,9.95,9.71,9.85,613580
2016-07-14,9.86,9.98,9.74,9.95,791070
2016-07-15,9.75,9.81,9.58,9.78,508020
2016-07-18,9.67,9.91,9.62,9.9,433800
2016-07-19,9.74,9.79,9.58,9.68,444800
2016-07-20,9.81,9.86,9.57,9.86,586910
2016-07-21,9.67,10.17,9.46,10.04,1210000
2016-07-22,9.48,9.67,9.21,9.67,1180000
2016-07-25,9.58,9.68,9.45,9.47,495910
2016-07-26,9.56,9.66,9.41,9.63,684770
2016-07-27,9.88,10.01,9.6,9.6,554180
2016-07-28,9.43,9.78,9.39,9.63,854620
2016-07-29,9.37,9.57,9.33,9.46,630660
2016-08-01,9.33,9.42,9.23,9.38,408140
2016-08-02,9.15,9.34,9.03,9.34,338840
2016-08-03,9.13,9.22,9.0,9.16,467230
2016-08-04,9.11,9.3,9.08,9.12,391940
2016-08-05,9.51,9.57,9.18,9.2,352140
2016-08-08,9.45,9.67,9.45,9.5,497510
2016-08-09,9.52,9.54,9.4,9.51,314080
2016-08-10,9.54,9.58,9.39,9.39,182090
2016-08-11,9.63,9.65,9.45,9.65,153040
2016-08-12,9.61,9.69,9.49,9.6,219150
2016-08-15,9.57,9.69,9.53,9.6,119470
2016-08-16,9.47,9.59,9.46,9.48,111700
2016-08-17,9.25,9.52,9.22,9.44,183040
2016-08-18,9.49,9.51,9.28,9.3,214740
2016-08-19,9.28,9.48,9.22,9.41,146420
2016-08-22,9.78,9.82,9.35,9.4,580150
2016-08-23,9.95,9.98,9.72,9.79,312780
2016-08-24,10.27,10.27,9.92,10.0,699740
2016-08-25,10.17,10.29,10.15,10.25,904100
2016-08-26,10.17,10.27,10.05,10.19,558900
2016-08-29,10.1,10.16,10.0,10.16,216720
2016-08-30,10.49,10.68,10.16,10.16,649380
2016-08-31,10.57,10.58,10.45,10.45,752520
2016-09-01,10.68,10.78,10.5,10.6,602790
2016-09-02,10.56,10.7,10.51,10.68,685740
2016-09-05,10.61,10.76,10.54,10.57,303240
2016-09-06,10.37,10.72,10.33,10.7,365150
2016-09-07,10.4,10.5,10.3,10.33,277620
2016-09-08,10.4,10.51,10.32,10.32,208120
2016-09-09,10.47,10.54,10.33,10.36,202210
2016-09-12,10.24,10.33,10.12,10.33,362950
2016-09-13,10.09,10.38,10.08,10.25,207000
2016-09-14,10.08,10.3,10.05,10.09,404820
2016-09-15,10.11,10.18,9.94,10.08,238940
2016-09-16,10.13,10.14,10.0,10.08,270630
2016-09-19,10.22,10.27,10.07,10.25,255710
2016-09-20,10.02,10.24,9.98,10.24,162580
2016-09-21,10.0,10.14,9.95,10.12,418910
2016-09-22,10.13,10.13,9.94,10.12,482600
2016-09-23,9.94,10.04,9.88,9.97,212200
2016-09-26,9.8,9.95,9.76,9.95,187500
2016-09-27,9.77,9.88,9.63,9.88,328630
2016-09-28,9.81,9.98,9.76,9.85,339840
2016-09-29,9.8,9.96,9.79,9.85,258790
2016-09-30,9.76,9.82,9.53,9.75,272570
2016-10-03,9.9,9.9,9.66,9.8,430990
2016-10-04,9.68,10.04,9.61,9.7,685050
2016-10-05,9.57,9.73,9.51,9.58,367570
2016-10-06,9.65,9.72,9.59,9.64,297470
2016-10-07,9.5,9.7,9.37,9.7,239920
2016-10-10,9.42,9.52,9.3,9.51,219130
2016-10-11,9.51,9.57,9.37,9.47,306780
2016-10-12,9.39,9.54,9.34,9.51,198440
2016-10-13,9.33,9.39,9.25,9.34,342800
2016-10-14,9.43,9.54,9.3,9.39,395890
2016-10-17,9.47,9.58,9.35,9.49,373210
2016-10-18,9.62,9.72,9.46,9.54,387000
2016-10-19,9.72,9.75,9.5,9.73,548780
2016-10-20,9.45,9.73,9.28,9.6,1710000
2016-10-21,9.59,9.59,9.4,9.53,775990
2016-10-24,9.8,9.87,9.59,9.6,729530
2016-10-25,9.71,9.82,9.65,9.82,305600
2016-10-26,9.51,9.73,9.49,9.68,440990
2016-10-27,9.67,9.78,9.42,9.42,506400
2016-10-28,9.57,9.65,9.51,9.65,332880
2016-10-31,9.38,9.64,9.32,9.64,395910
2016-11-01,9.36,9.43,9.22,9.4,420270
2016-11-02,9.15,9.32,9.13,9.32,403760
2016-11-03,9.04,9.18,8.97,9.09,550160
2016-11-04,9.01,9.07,8.77,9.0,421010
2016-11-07,9.16,9.18,9.01,9.16,299620
2016-11-08,9.19,9.23,9.04,9.23,358160
2016-11-09,9.14,9.16,8.69,8.78,465270
2016-11-10,9.49,9.51,9.18,9.18,659680
2016-11-11,9.4,9.53,9.36,9.5,450230
2016-11-14,9.44,9.55,9.4,9.49,479800
2016-11-15,9.39,9.5,9.28,9.41,327480
2016-11-16,9.5,9.56,9.42,9.49,544430
2016-11-17,9.53,9.67,9.44,9.44,602440
2016-11-18,9.43,9.63,9.43,9.63,487590
2016-11-21,9.11,9.47,9.09,9.47,384970
2016-11-22,9.14,9.2,9.07,9.09,401790
2016-11-23,9.48,9.48,9.15,9.29,476290
2016-11-24,9.47,9.51,9.3,9.49,387180
2016-11-25,9.75,9.82,9.42,9.51,338360
2016-11-28,9.72,9.76,9.58,9.7,254990
2016-11-29,9.75,9.8,9.61,9.7,168910
2016-11-30,9.74,9.85,9.68,9.76,351370
2016-12-01,9.77,9.84,9.64,9.82,343520
2016-12-02,9.79,9.84,9.6,9.68,299810
2016-12-05,9.86,9.93,9.7,9.76,243430
2016-12-06,10.03,10.03,9.74,9.94,215990
2016-12-07,10.0,10.09,9.94,10.04,283000
2016-12-08,10.33,10.33,10.05,10.06,402520
2016-12-09,10.68,10.68,10.32,10.33,474360
2016-12-12,10.43,10.68,10.4,10.68,419060
2016-12-13,10.56,10.64,10.1,10.17,745200
2016-12-14,10.5,10.6,10.47,10.48,516360
2016-12-15,10.5,10.55,10.3,10.36,434530
2016-12-16,10.53,10.55,10.43,10.5,591070
2016-12-19,10.63,10.73,10.45,10.55,323930
2016-12-20,10.6,10.74,10.5,10.55,341380
2016-12-21,10.53,10.67,10.5,10.53,206330
2016-12-22,10.35,10.67,10.28,10.67,389820
2016-12-23,10.36,10.47,10.29,10.44,141260
2016-12-27,10.41,10.45,10.1,10.13,138970
2016-12-28,10.52,10.52,10.35,10.35,184050
2016-12-29,10.32,10.52,10.32,10.37,193410
2016-12-30,10.39,10.44,10.26,10.32,176230
2017-01-02,10.45,10.48,10.37,10.46,79180
2017-01-03,10.39,10.6,10.37,10.5,309600
2017-01-04,10.49,10.52,10.38,10.39,446910
2017-01-05,10.46,10.53,10.41,10.5,251130
2017-01-06,10.52,10.56,10.31,10.44,204150
2017-01-09,10.48,10.57,10.42,10.54,78960
2017-01-10,10.41,10.55,10.39,10.46,184770
2017-01-11,10.2,10.42,10.2,10.4,250570
2017-01-12,9.79,10.15,9.75,10.15,749070
2017-01-13,10.69,10.69,9.95,9.98,1660000
2017-01-16,10.72,10.73,10.44,10.61,677350
2017-01-17,10.83,10.84,10.7,10.76,484190
2017-01-18,10.76,10.91,10.68,10.91,460570
2017-01-19,10.58,10.76,10.54,10.76,359320
2017-01-20,10.57,10.65,10.5,10.52,278800
2017-01-23,10.38,10.58,10.36,10.47,227850
2017-01-24,10.5,10.5,10.27,10.32,170190
2017-01-25,10.5,10.6,10.43,10.6,272760
2017-01-26,10.52,10.56,10.46,10.5,131160
2017-01-27,10.49,10.53,10.39,10.51,87200
2017-01-30,10.65,10.74,10.5,10.6,384000
2017-01-31,10.51,10.69,10.44,10.65,97840
2017-02-01,10.49,10.6,10.46,10.6,259329
2017-02-02,10.45,10.54,10.39,10.51,142890
2017-02-03,10.39,10.52,10.38,10.39,311020
2017-02-06,10.49,10.58,10.26,10.37,246790
2017-02-07,10.49,10.59,10.44,10.59,150160
2017-02-08,10.54,10.69,10.44,10.49,181170
2017-02-09,10.47,10.57,10.44,10.56,301120
2017-02-10,10.42,10.51,10.33,10.41,391600
2017-02-13,10.48,10.56,10.39,10.53,497800
2017-02-14,10.77,10.83,10.45,10.45,575190
2017-02-15,10.8,10.8,10.59,10.75,324140
2017-02-16,10.62,10.85,10.6,10.79,241240
2017-02-17,10.45,10.69,10.42,10.6,454470
2017-02-20,10.55,10.55,10.41,10.45,156590
2017-02-21,10.63,10.73,10.44,10.44,267080
2017-02-22,10.52,10.73,10.49,10.68,220860
2017-02-23,10.9,11.1,10.58,10.84,871690
2017-02-24,10.82,11.0,10.6,11.0,361310
2017-02-27,10.88,10.89,10.71,10.8,197690
2017-02-28,10.89,10.95,10.8,10.84,234070
2017-03-01,11.12,11.12,10.87,10.96,362210
2017-03-02,11.0,11.18,10.99,11.12,314930
2017-03-03,10.86,10.99,10.85,10.9,135950
2017-03-06,10.93,10.95,10.81,10.9,215140
2017-03-07,10.81,10.94,10.8,10.88,214540
2017-03-08,10.92,10.98,10.75,10.8,108540
2017-03-09,11.06,11.12,10.9,10.9,251080
2017-03-10,10.95,11.1,10.92,11.1,141380
2017-03-13,10.84,11.03,10.82,10.92,161850
2017-03-14,10.86,10.88,10.77,10.82,145720
2017-03-15,10.89,10.98,10.84,10.85,114020
2017-03-16,10.96,10.98,10.86,10.95,187110
2017-03-17,11.22,11.22,10.96,10.96,342560
2017-03-20,11.06,11.23,11.01,11.22,247420
2017-03-21,11.0,11.24,10.98,11.1,146710
2017-03-22,11.0,11.01,10.8,10.9,168820
2017-03-23,11.19,11.22,10.92,11.11,151210
2017-03-24,11.41,11.41,11.14,11.23,268780
2017-03-27,11.48,11.66,11.37,11.43,532690
2017-03-28,11.56,11.66,11.5,11.66,288790
2017-03-29,11.51,11.6,11.41,11.56,161090
2017-03-30,11.7,11.7,11.35,11.5,466310
2017-03-31,11.84,11.86,11.57,11.7,372900
2017-04-03,11.85,11.94,11.75,11.83,470090
2017-04-04,11.81,11.86,11.6,11.74,588020
2017-04-05,11.9,11.92,11.79,11.9,289560
2017-04-06,11.75,11.82,11.51,11.69,537020
2017-04-07,11.82,11.9,11.71,11.76,394010
2017-04-10,11.61,11.89,11.61,11.82,204120
2017-04-11,11.81,11.81,11.56,11.61,536170
2017-04-12,11.95,11.97,11.72,11.72,462250
2017-04-13,11.89,11.95,11.79,11.95,159050
2017-04-18,11.6,11.89,11.58,11.8,439520
2017-04-19,11.46,11.55,10.85,11.21,491170
2017-04-20,11.35,11.6,11.05,11.51,270360
2017-04-21,10.79,11.4,10.78,11.4,602230
2017-04-24,11.37,11.39,11.0,11.0,454350
2017-04-25,11.09,11.38,10.9,11.34,710280
2017-04-26,11.21,11.21,11.01,11.12,241950
2017-04-27,11.02,11.23,11.0,11.2,577640
2017-04-28,11.53,11.58,10.95,10.95,474160
2017-05-02,11.76,11.77,11.47,11.54,263680
2017-05-03,11.45,11.74,11.21,11.21,331580
2017-05-04,11.58,11.58,11.44,11.46,170820
2017-05-05,11.58,11.61,11.44,11.59,319740
2017-05-08,11.56,11.64,11.46,11.64,132910
2017-05-09,11.55,11.63,11.5,11.5,157650
2017-05-10,11.34,11.55,11.31,11.55,261910
2017-05-11,11.16,11.32,11.11,11.25,312260
2017-05-12,11.2,11.28,11.06,11.12,329980
2017-05-15,11.32,11.41,11.25,11.25,331110
2017-05-16,11.47,11.47,11.37,11.44,274940
2017-05-17,11.37,11.57,11.32,11.55,263290
2017-05-18,11.33,11.35,11.13,11.35,254960
2017-05-19,11.41,11.47,11.19,11.24,504620
2017-05-22,11.38,11.53,11.32,11.44,226400
2017-05-23,11.34,11.47,11.31,11.45,185280
2017-05-24,11.36,11.43,11.3,11.34,210770
2017-05-25,11.45,11.52,11.27,11.35,300000
2017-05-26,11.42,11.49,11.35,11.45,191800
2017-05-29,11.67,11.7,11.31,11.31,325710
2017-05-30,11.61,11.74,11.59,11.74,302950
2017-05-31,11.5,11.7,11.45,11.7,324710
2017-06-01,11.34,11.59,11.33,11.58,268760
2017-06-02,11.37,11.48,11.33,11.45,153210
2017-06-05,11.18,11.39,11.16,11.39,207290
2017-06-06,11.18,11.21,11.07,11.18,289480
2017-06-07,11.05,11.23,11.03,11.07,151590
2017-06-08,10.88,11.06,10.85,11.02,669210
2017-06-09,10.77,11.04,10.7,10.88,553760
2017-06-12,10.7,10.79,10.65,10.75,335880
2017-06-13,10.78,10.89,10.64,10.64,472650
2017-06-14,10.69,10.86,10.68,10.8,254950
2017-06-15,10.51,10.77,10.36,10.7,704970
2017-06-16,10.42,10.7,10.42,10.6,649650
2017-06-19,10.36,10.5,10.1,10.29,774950
2017-06-20,10.38,10.6,10.32,10.32,233260
2017-06-21,10.28,10.39,10.19,10.39,336110
2017-06-22,10.32,10.37,10.27,10.28,538450
2017-06-23,10.51,10.52,10.26,10.32,453190
2017-06-26,10.44,10.58,10.37,10.58,301050
2017-06-27,10.25,10.44,10.24,10.44,157120
2017-06-28,10.32,10.38,10.13,10.21,221290
2017-06-29,10.34,10.34,10.2,10.3,319340
2017-06-30,10.24,10.33,10.19,10.25,228690
2017-07-03,10.19,10.31,10.17,10.27,110020
2017-07-04,10.08,10.19,10.0,10.15,322390
2017-07-05,10.12,10.2,10.02,10.02,211700
2017-07-06,9.37,9.85,9.36,9.77,1490000
2017-07-07,9.37,9.39,9.12,9.27,1080000
2017-07-10,9.0,9.32,8.93,9.3,657120
2017-07-11,9.38,9.43,9.08,9.15,754090
2017-07-12,9.67,9.67,9.38,9.5,658460
2017-07-13,9.76,9.76,9.52,9.69,854570
2017-07-14,9.8,9.82,9.69,9.76,521270
2017-07-17,9.8,9.86,9.7,9.82,264160
2017-07-18,9.61,9.8,9.59,9.7,327440
2017-07-19,9.77,9.77,9.54,9.59,302500
2017-07-20,9.67,9.83,9.61,9.8,437920
2017-07-21,9.57,9.68,9.52,9.68,310820
2017-07-24,9.62,9.63,9.43,9.57,182350
2017-07-25,9.7,9.91,9.59,9.64,451420
2017-07-26,9.68,9.79,9.55,9.7,300710
2017-07-27,9.62,9.78,9.58,9.75,361250
2017-07-28,9.79,9.83,9.58,9.74,571710
2017-07-31,9.92,9.93,9.66,9.79,500170
2017-08-01,10.05,10.1,9.87,9.95,502700
2017-08-02,10.03,10.19,10.02,10.02,357260
2017-08-03,10.11,10.18,9.97,10.04,225050
2017-08-04,10.25,10.28,10.08,10.13,233460
2017-08-07,10.12,10.28,10.07,10.27,156340
2017-08-08,10.08,10.16,10.03,10.1,213510
2017-08-09,9.9,10.07,9.84,10.07,234160
2017-08-10,9.9,9.96,9.82,9.94,229080
2017-08-11,9.8,9.86,9.69,9.86,248110
2017-08-14,9.89,9.92,9.78,9.82,132400
2017-08-15,9.86,9.93,9.8,9.91,97670
2017-08-16,9.97,10.01,9.8,9.8,133170
2017-08-17,9.95,10.0,9.9,9.97,90980
2017-08-18,9.79,9.93,9.72,9.93,105000
2017-08-21,9.79,9.81,9.7,9.8,83290
2017-08-22,9.92,9.92,9.73,9.86,200980
2017-08-23,9.57,9.89,9.54,9.89,284480
2017-08-24,9.43,9.58,9.27,9.58,499360
2017-08-25,9.41,9.47,9.36,9.41,160140
2017-08-28,9.39,9.42,9.32,9.4,106130
2017-08-29,8.8,9.33,8.76,9.31,724150
2017-08-30,8.8,9.04,8.76,8.94,821360
2017-08-31,8.75,8.85,8.69,8.84,707080
2017-09-01,8.79,8.85,8.75,8.85,434550
2017-09-04,8.7,8.81,8.7,8.79,213680
2017-09-05,8.73,8.83,8.71,8.73,216060
2017-09-06,8.73,8.75,8.67,8.73,159370
2017-09-07,8.75,8.83,8.65,8.75,372750
2017-09-08,8.83,8.89,8.62,8.71,506540
2017-09-11,8.82,8.98,8.82,8.9,262920
2017-09-12,8.64,8.83,8.57,8.75,384470
2017-09-13,8.63,8.7,8.56,8.64,393090
2017-09-14,8.66,8.66,8.52,8.6,386850
2017-09-15,8.8,8.82,8.61,8.61,409770
2017-09-18,8.53,8.79,8.43,8.7,751770
2017-09-19,8.76,8.8,8.51,8.54,719900
2017-09-20,8.8,8.92,8.72,8.8,448610
2017-09-21,8.73,8.84,8.68,8.84,261310
2017-09-22,8.82,8.86,8.65,8.73,193450
2017-09-25,8.85,8.92,8.79,8.85,279800
2017-09-26,8.8,8.89,8.75,8.84,226420
2017-09-27,8.86,8.89,8.75,8.77,265940
2017-09-28,8.78,8.92,8.74,8.86,201000
2017-09-29,8.89,8.89,8.67,8.75,339500
2017-10-02,8.93,8.93,8.77,8.8,405140
2017-10-03,8.89,9.04,8.83,8.94,260380
2017-10-04,8.64,8.98,8.63,8.9,374920
2017-10-05,8.74,8.78,8.56,8.61,821190
2017-10-06,8.7,8.8,8.65,8.68,365660
2017-10-09,8.88,9.04,8.72,8.72,627310
2017-10-10,8.77,8.84,8.69,8.75,551940
2017-10-11,8.99,9.09,8.83,8.87,684910
2017-10-12,8.83,8.99,8.8,8.94,219120
2017-10-13,8.9,8.92,8.78,8.87,331030
2017-10-16,9.01,9.18,8.89,8.98,657140
2017-10-17,8.92,9.09,8.89,9.06,828420
2017-10-18,9.01,9.06,8.84,8.84,416240
2017-10-19,8.85,9.2,8.8,9.12,541720
2017-10-20,8.71,8.85,8.7,8.83,436210
2017-10-23,8.44,8.76,8.44,8.76,748100
2017-10-24,8.55,8.6,8.43,8.46,387010
2017-10-25,8.51,8.62,8.42,8.52,397070
2017-10-26,8.63,8.7,8.46,8.47,308030
2017-10-27,8.54,8.68,8.46,8.67,324810
2017-10-30,8.64,8.79,8.45,8.54,614810
2017-10-31,8.82,8.83,8.62,8.73,359040
2017-11-01,8.71,8.93,8.68,8.85,252820
2017-11-02,8.57,8.7,8.53,8.7,486570
2017-11-03,8.52,8.65,8.51,8.58,274900
2017-11-06,8.51,8.64,8.5,8.55,314420
2017-11-07,8.52,8.6,8.48,8.52,414720
2017-11-08,8.61,8.62,8.45,8.54,676710
2017-11-09,8.38,8.59,8.25,8.59,751090
2017-11-10,8.18,8.4,8.16,8.39,472880
2017-11-13,8.17,8.3,8.07,8.29,279410
2017-11-14,8.27,8.28,8.06,8.19,352590
2017-11-15,8.26,8.29,8.15,8.27,354710
2017-11-16,8.36,8.38,8.19,8.28,264430
2017-11-17,8.41,8.44,8.28,8.33,350680
2017-11-20,8.53,8.54,8.33,8.48,496230
2017-11-21,8.86,8.89,8.62,8.73,1130000
2017-11-22,8.77,8.89,8.7,8.87,507970
2017-11-23,8.84,8.96,8.75,8.75,487210
2017-11-24,8.89,8.95,8.81,8.95,258680
2017-11-27,8.91,8.95,8.83,8.93,379990
2017-11-28,9.12,9.14,8.87,8.93,670970
2017-11-29,9.46,9.55,9.17,9.28,901920
2017-11-30,9.65,9.66,9.39,9.53,985190
2017-12-01,9.58,9.7,9.5,9.7,594290
2017-12-04,9.71,9.96,9.56,9.73,578330
2017-12-05,9.72,9.82,9.61,9.75,378170
2017-12-06,9.7,9.73,9.6,9.68,356470
2017-12-07,9.73,9.76,9.55,9.69,501210
2017-12-08,9.266,9.371,9.218,9.323,431900
2017-12-11,9.18,9.313,9.113,9.294,400050
2017-12-12,9.104,9.218,9.066,9.218,260769
2017-12-13,8.999,9.161,8.989,9.123,376950
2017-12-14,9.142,9.171,8.999,8.999,243750
2017-12-15,9.199,9.285,9.027,9.171,585650
2017-12-18,9.18,9.256,9.161,9.256,750020
2017-12-19,9.13,9.23,9.07,9.15,357460
2017-12-20,9.14,9.16,9.06,9.12,222010
2017-12-21,9.08,9.19,9.05,9.05,559030
2017-12-22,8.77,8.92,8.55,8.55,650650
2017-12-27,8.77,8.82,8.69,8.73,286810
2017-12-28,8.6,8.78,8.59,8.74,285260
2017-12-29,8.7,8.77,8.58,8.63,450890
2018-01-02,8.71,8.77,8.61,8.72,260290
2018-01-03,8.67,8.81,8.64,8.79,434610
2018-01-04,8.77,8.77,8.64,8.7,329340
2018-01-05,8.865,8.885,8.71,8.77,359410
2018-01-08,8.75,8.88,8.73,8.865,368420
2018-01-09,8.7,8.8,8.67,8.75,349510
2018-01-10,8.55,8.745,8.535,8.715,505790
2018-01-11,8.365,8.57,8.34,8.56,654600
2018-01-12,8.455,8.51,8.38,8.4,708590
2018-01-15,8.56,8.665,8.475,8.475,333930
2018-01-16,8.685,8.74,8.575,8.625,376590
2018-01-17,8.62,8.67,8.53,8.67,210270
2018-01-18,8.7,8.745,8.57,8.62,543680
2018-01-19,8.675,8.74,8.62,8.69,199280
2018-01-22,8.61,8.72,8.6,8.7,302720
2018-01-23,8.585,8.685,8.505,8.66,462100
2018-01-24,8.565,8.645,8.535,8.6,291770
2018-01-25,8.38,8.5,8.33,8.5,593160
2018-01-26,8.55,8.59,8.39,8.46,754510
2018-01-29,8.57,8.655,8.465,8.58,374590
2018-01-30,8.5,8.565,8.455,8.565,231710
2018-01-31,8.415,8.565,8.405,8.53,339650
2018-02-01,8.435,8.53,8.31,8.455,433530
2018-02-02,8.33,8.45,8.33,8.405,237330
2018-02-05,8.26,8.34,8.185,8.3,325580
2018-02-06,8.155,8.28,8.0,8.035,583560
2018-02-07,8.405,8.41,8.205,8.315,285200
2018-02-08,8.39,8.45,8.345,8.43,462400
2018-02-09,8.39,8.435,8.25,8.345,678410
2018-02-12,8.635,8.635,8.405,8.44,355250
2018-02-13,8.7,8.7,8.55,8.64,654610
2018-02-14,8.64,8.74,8.56,8.68,436860
2018-02-15,8.71,8.74,8.625,8.7,286440
2018-02-16,8.8,8.8,8.665,8.77,363790
2018-02-19,8.725,8.825,8.695,8.815,435130
2018-02-20,8.72,8.775,8.635,8.72,287610
2018-02-21,8.63,8.7,8.62,8.685,216930
2018-02-22,8.63,8.65,8.525,8.585,223130
2018-02-23,8.61,8.675,8.57,8.675,267010
2018-02-26,8.61,8.7,8.54,8.655,277370
2018-02-27,8.685,8.74,8.59,8.625,298740
2018-02-28,8.55,8.7,8.505,8.565,316890
2018-03-01,8.185,8.555,8.16,8.555,963870
2018-03-02,8.17,8.22,8.035,8.125,504150
2018-03-05,8.14,8.335,8.14,8.17,1070000
2018-03-06,8.065,8.27,8.065,8.175,517140
2018-03-07,8.09,8.24,8.03,8.045,452100
2018-03-08,8.125,8.22,8.02,8.085,213900
2018-03-09,8.205,8.235,8.13,8.14,291880
2018-03-12,8.18,8.345,8.135,8.25,391970
2018-03-13,8.08,8.3,8.04,8.195,348010
2018-03-14,8.08,8.23,8.065,8.23,274900
2018-03-15,7.82,8.095,7.785,8.09,629630
2018-03-16,7.7,7.9,7.665,7.81,544900
2018-03-19,7.675,7.775,7.675,7.7,334490
2018-03-20,7.665,7.7,7.64,7.68,513760
2018-03-21,7.655,7.705,7.65,7.675,446840
2018-03-22,7.51,7.665,7.42,7.62,807460
2018-03-23,7.54,7.61,7.435,7.5,556860
2018-03-26,7.595,7.65,7.52,7.6,336200
2018-03-27,7.67,7.74,7.66,7.7,262230
2018-03-28,7.395,7.67,7.365,7.67,569300
2018-03-29,7.745,7.77,7.405,7.405,659990
2018-04-03,7.71,7.745,7.575,7.715,376860
2018-04-04,7.515,7.75,7.515,7.735,354310
2018-04-05,7.645,7.67,7.575,7.635,374170
2018-04-06,7.52,7.63,7.43,7.63,484740
2018-04-09,7.48,7.62,7.44,7.525,398170
2018-04-10,7.51,7.56,7.475,7.5,272430
2018-04-11,7.55,7.585,7.505,7.51,398190
2018-04-12,7.565,7.565,7.495,7.54,287100
2018-04-13,7.475,7.54,7.46,7.535,344760
2018-04-16,7.385,7.65,7.37,7.49,692340
2018-04-17,7.5,7.52,7.385,7.43,629490
2018-04-18,7.5,7.55,7.455,7.5,437330
2018-04-19,7.53,7.62,7.4,7.53,624890
2018-04-20,7.7,7.785,7.53,7.55,575530
2018-04-23,7.62,7.755,7.62,7.7,361880
2018-04-24,7.595,7.69,7.57,7.615,241730
2018-04-25,7.65,7.72,7.53,7.575,432580
2018-04-26,7.665,7.77,7.6,7.645,453960
2018-04-27,7.695,7.775,7.62,7.725,242780
2018-04-30,7.78,7.86,7.71,7.765,568510
2018-05-02,7.855,7.92,7.765,7.84,439490
2018-05-03,7.965,8.02,7.86,7.9,379310
2018-05-04,8.015,8.04,7.97,7.97,294770
2018-05-07,8.055,8.065,7.955,8.065,364300
2018-05-08,8.13,8.17,8.02,8.1,303530
2018-05-09,8.16,8.17,8.04,8.13,378810
2018-05-10,8.18,8.21,8.14,8.17,338180
2018-05-11,8.185,8.22,8.175,8.18,260230
2018-05-14,8.135,8.215,8.125,8.215,221420
2018-05-15,8.145,8.18,8.07,8.115,300430
2018-05-16,8.14,8.15,8.105,8.15,310780
2018-05-17,8.175,8.2,8.12,8.145,286660
2018-05-18,8.115,8.19,8.115,8.16,242100
2018-05-21,8.17,8.18,8.11,8.145,308450
2018-05-22,8.16,8.19,8.15,8.185,229210
2018-05-23,8.31,8.355,8.115,8.15,592560
2018-05-24,8.18,8.28,8.155,8.265,422010
2018-05-25,7.905,8.26,7.865,8.21,578630
2018-05-28,7.91,8.045,7.9,7.955,253060
2018-05-29,7.68,7.9,7.66,7.9,457200
2018-05-30,7.625,7.79,7.615,7.68,298950
2018-05-31,7.705,7.77,7.64,7.66,439750
2018-06-01,7.88,7.88,7.695,7.75,499280
2018-06-04,7.99,8.16,7.885,7.885,502890
2018-06-05,8.04,8.14,7.975,8.06,314980
2018-06-06,7.99,8.2,7.99,8.07,726600
2018-06-07,7.98,8.1,7.98,8.095,436880
2018-06-08,7.8,8.045,7.795,7.97,571630
2018-06-11,7.85,7.96,7.78,7.92,393740
2018-06-12,7.91,7.995,7.74,7.835,789510
2018-06-13,7.975,8.04,7.935,7.985,619760
2018-06-14,8.13,8.19,7.96,8.02,842800
2018-06-15,7.995,8.195,7.94,8.19,623210
2018-06-18,8.035,8.05,7.905,8.03,816080
2018-06-19,7.8,7.82,7.6,7.75,544280
2018-06-20,7.83,7.92,7.785,7.83,459110
2018-06-21,7.82,7.9,7.75,7.86,818490
2018-06-22,7.915,8.08,7.81,7.81,2100000
2018-06-25,7.83,7.875,7.81,7.875,285310
2018-06-26,7.82,7.855,7.75,7.855,502930
2018-06-27,7.72,7.815,7.69,7.805,368520
2018-06-28,7.655,7.78,7.605,7.715,489580
2018-06-29,7.205,7.7,7.17,7.7,750460
2018-07-02,7.09,7.16,6.935,7.16,510940
2018-07-03,7.03,7.13,7.025,7.13,268990
2018-07-04,6.93,7.08,6.885,7.03,357000
2018-07-05,7.085,7.12,6.91,6.91,575890
2018-07-06,7.22,7.22,7.085,7.125,399130
2018-07-09,6.76,7.2,6.62,7.18,1490000
2018-07-10,6.815,6.815,6.705,6.8,536200
2018-07-11,6.74,6.815,6.695,6.785,410340
2018-07-12,6.725,6.78,6.64,6.78,430600
2018-07-13,6.67,6.79,6.665,6.73,383830
2018-07-16,6.67,6.77,6.615,6.66,288180
2018-07-17,6.7,6.77,6.58,6.64,472410
2018-07-18,6.72,6.74,6.61,6.71,320630
2018-07-19,6.675,6.7,6.59,6.695,498470
2018-07-20,6.785,6.855,6.625,6.685,495830
2018-07-23,6.835,6.86,6.7,6.715,325370
2018-07-24,6.735,6.895,6.66,6.855,443420
2018-07-25,6.765,6.81,6.72,6.795,266470
2018-07-26,6.63,6.89,6.615,6.795,332250
2018-07-27,6.515,6.64,6.5,6.605,601030
2018-07-30,6.74,6.765,6.485,6.51,470820
2018-07-31,6.7,6.75,6.635,6.705,390480
2018-08-01,6.625,6.71,6.575,6.685,357240
2018-08-02,6.51,6.585,6.51,6.56,342500
2018-08-03,6.52,6.59,6.465,6.5,385980
2018-08-06,6.455,6.61,6.455,6.52,332160
2018-08-07,6.4,6.51,6.4,6.5,400350
2018-08-08,6.44,6.48,6.38,6.4,303550
2018-08-09,6.44,6.495,6.405,6.495,192840
2018-08-10,6.4,6.45,6.375,6.41,269170
2018-08-13,6.32,6.39,6.305,6.38,200570
2018-08-14,6.215,6.335,6.21,6.3,483380
2018-08-15,6.15,6.29,6.115,6.24,315250
2018-08-16,6.22,6.28,6.17,6.17,336970
2018-08-17,6.225,6.34,6.225,6.27,329240
2018-08-20,6.185,6.295,6.185,6.2,313400
2018-08-21,6.31,6.37,6.2,6.255,264740
2018-08-22,6.305,6.37,6.29,6.305,229300
2018-08-23,6.3,6.4,6.285,6.285,262500
2018-08-24,6.365,6.37,6.305,6.345,155760
2018-08-27,6.295,6.4,6.28,6.4,183860
2018-08-28,6.29,6.345,6.275,6.28,246460
2018-08-29,6.315,6.315,6.215,6.25,187930
2018-08-30,6.29,6.34,6.22,6.315,241910
2018-08-31,6.15,6.34,6.12,6.34,259180
2018-09-03,5.84,6.125,5.82,6.11,626220
2018-09-04,5.605,5.97,5.58,5.97,1170000
2018-09-05,5.655,5.69,5.5,5.665,1190000
2018-09-06,5.575,5.64,5.485,5.61,994530
2018-09-07,5.655,5.685,5.5,5.6,448450
2018-09-10,5.93,6.045,5.6,5.685,1610000
2018-09-11,5.64,5.905,5.605,5.905,822800
2018-09-12,5.58,5.64,5.52,5.64,312830
2018-09-13,5.6,5.63,5.525,5.59,331620
2018-09-14,5.58,5.67,5.55,5.605,437940
2018-09-17,5.64,5.69,5.6,5.6,365280
2018-09-18,5.685,5.715,5.56,5.66,517480
2018-09-19,5.76,5.81,5.665,5.705,307650
2018-09-20,5.735,5.835,5.71,5.79,478060
2018-09-21,5.78,5.845,5.705,5.76,658250
2018-09-24,5.77,5.835,5.62,5.835,378990
2018-09-25,5.77,5.82,5.73,5.8,248140
2018-09-26,5.605,5.8,5.575,5.795,453460
2018-09-27,5.595,5.665,5.51,5.57,425230
2018-09-28,5.35,5.595,5.305,5.585,752060
2018-10-01,5.4,5.49,5.32,5.36,522169
2018-10-02,5.435,5.475,5.375,5.45,285600
2018-10-03,5.485,5.535,5.425,5.495,152280
2018-10-04,5.505,5.52,5.4,5.45,243130
2018-10-05,5.475,5.515,5.425,5.505,243340
2018-10-08,5.515,5.53,5.455,5.505,247690
2018-10-09,5.58,5.615,5.49,5.53,292540
2018-10-10,5.615,5.695,5.58,5.695,343810
2018-10-11,5.44,5.66,5.43,5.545,580550
2018-10-12,5.265,5.52,5.215,5.52,438110
2018-10-15,5.29,5.375,5.26,5.32,302520
2018-10-16,5.325,5.34,5.235,5.34,337620
2018-10-17,5.18,5.4,5.17,5.335,399470
2018-10-18,5.12,5.28,5.1,5.155,714580
2018-10-19,5.24,5.28,5.055,5.13,401240
2018-10-22,5.285,5.365,5.235,5.335,290180
2018-10-23,5.17,5.28,5.11,5.25,393890
2018-10-24,5.175,5.295,5.11,5.235,376130
2018-10-25,4.64,5.165,4.602,5.16,1130000
2018-10-26,4.464,4.62,4.308,4.606,922700
2018-10-29,4.65,4.718,4.47,4.484,457280
2018-10-30,5.005,5.01,4.668,4.668,621750
2018-10-31,4.982,5.025,4.912,5.005,369280
2018-11-01,4.986,5.055,4.93,4.93,284480
2018-11-02,5.04,5.115,5.0,5.0,299110
2018-11-05,5.06,5.115,5.02,5.04,221590
2018-11-06,5.185,5.22,5.025,5.09,326790
2018-11-07,5.15,5.3,5.11,5.3,328260
2018-11-08,4.796,5.135,4.678,5.135,693600
2018-11-09,4.85,4.9,4.72,4.806,361040
2018-11-12,4.7,4.982,4.692,4.978,463830
2018-11-13,4.74,4.786,4.678,4.702,431410
2018-11-14,4.75,4.81,4.65,4.704,413350
2018-11-15,4.766,4.83,4.67,4.776,290670
2018-11-16,4.832,4.854,4.754,4.77,212120
2018-11-19,4.81,4.884,4.754,4.87,267180
2018-11-20,4.834,4.858,4.73,4.76,177110
2018-11-21,4.896,4.9,4.79,4.864,211150
2018-11-22,4.854,4.894,4.81,4.868,229230
2018-11-23,4.976,4.994,4.848,4.86,328030
2018-11-26,5.105,5.125,5.0,5.02,379530
2018-11-27,5.09,5.13,5.04,5.11,294340
2018-11-28,5.015,5.16,5.015,5.125,307150
2018-11-29,5.015,5.1,5.005,5.05,204160
2018-11-30,4.974,5.04,4.94,5.005,423890
2018-12-03,5.055,5.17,5.05,5.17,264930
2018-12-04,5.045,5.13,5.005,5.065,585210
2018-12-05,4.88,5.03,4.84,5.03,519309
2018-12-06,4.816,4.9,4.77,4.9,394830
2018-12-07,4.8,4.976,4.78,4.804,423030
2018-12-10,4.526,4.8,4.466,4.8,1040000
2018-12-11,4.668,4.756,4.53,4.602,478870
2018-12-12,4.754,4.812,4.67,4.7,474240
2018-12-13,4.766,4.814,4.718,4.766,501380
2018-12-14,4.682,4.768,4.61,4.75,547520
2018-12-17,4.472,4.56,4.44,4.546,380500
2018-12-18,4.456,4.554,4.42,4.468,524630
2018-12-19,4.468,4.57,4.44,4.454,386750
2018-12-20,4.33,4.482,4.33,4.45,478020
2018-12-21,4.35,4.398,4.32,4.33,482170
2018-12-24,4.18,4.356,4.18,4.32,247900
2018-12-27,4.244,4.304,4.176,4.226,473270
2018-12-28,4.342,4.416,4.234,4.258,433670
2018-12-31,4.362,4.396,4.292,4.3,133410
2019-01-02,4.35,4.38,4.27,4.376,195780
2019-01-03,4.278,4.39,4.254,4.32,256860
2019-01-04,4.35,4.398,4.27,4.276,395670
2019-01-07,4.43,4.458,4.348,4.378,266070
2019-01-08,4.426,4.55,4.394,4.468,299910
2019-01-09,4.644,4.7,4.474,4.53,723900
2019-01-10,4.528,4.64,4.52,4.63,320350
2019-01-11,4.48,4.558,4.442,4.542,291860
2019-01-14,4.43,4.524,4.424,4.5,230700
2019-01-15,4.302,4.49,4.284,4.49,506150
2019-01-16,4.312,4.35,4.22,4.35,303800
2019-01-17,3.966,4.204,3.92,4.2,2150000
2019-01-18,4.1,4.106,3.924,3.998,892040
2019-01-21,4.246,4.334,4.15,4.188,1020000
2019-01-22,4.192,4.236,4.116,4.236,389710
2019-01-23,4.17,4.25,4.134,4.166,686500
2019-01-24,4.42,4.438,4.17,4.23,997600
2019-01-25,4.4,4.54,4.368,4.45,557140
2019-01-28,4.388,4.502,4.366,4.42,387160
2019-01-29,4.362,4.402,4.336,4.402,205260
2019-01-30,4.268,4.374,4.23,4.324,256160
2019-01-31,4.238,4.286,4.16,4.28,502850
2019-02-01,4.326,4.326,4.15,4.254,594240
2019-02-04,4.324,4.39,4.276,4.32,263120
2019-02-05,4.356,4.39,4.274,4.312,260450
2019-02-06,4.318,4.388,4.25,4.326,248250
2019-02-07,4.082,4.322,4.08,4.26,462280
2019-02-08,4.03,4.08,3.99,4.08,359080
2019-02-11,4.096,4.134,4.03,4.04,219570
2019-02-12,4.116,4.382,4.114,4.382,429750
2019-02-13,4.196,4.23,4.118,4.118,214730
2019-02-14,4.182,4.23,4.148,4.23,334290
2019-02-15,4.212,4.23,4.156,4.172,324680
2019-02-18,4.26,4.29,4.21,4.22,313770
2019-02-19,4.4,4.424,4.254,4.286,567290
2019-02-20,4.54,4.552,4.4,4.42,403230
2019-02-21,4.592,4.638,4.46,4.55,548780
2019-02-22,4.606,4.682,4.552,4.61,334780
2019-02-25,4.57,4.662,4.556,4.636,275340
2019-02-26,4.49,4.55,4.464,4.55,267250
2019-02-27,4.452,4.52,4.43,4.49,296280
2019-02-28,4.366,4.448,4.35,4.428,600600
2019-03-01,4.59,4.62,4.354,4.354,676880
2019-03-04,4.82,4.856,4.604,4.604,632610
2019-03-05,4.646,4.87,4.6,4.834,630300
2019-03-06,4.65,4.708,4.63,4.64,323940
2019-03-07,4.512,4.656,4.51,4.652,585580
2019-03-08,4.408,4.504,4.39,4.5,657430
2019-03-11,4.436,4.45,4.384,4.45,366740
2019-03-12,4.37,4.5,4.322,4.454,532210
2019-03-13,4.38,4.412,4.312,4.35,461940
2019-03-14,4.412,4.45,4.36,4.4,591540
2019-03-15,4.43,4.492,4.406,4.428,301670
2019-03-18,4.472,4.49,4.438,4.446,229370
2019-03-19,4.658,4.674,4.48,4.48,413320
2019-03-20,4.444,4.666,4.42,4.662,520190
2019-03-21,4.39,4.496,4.326,4.496,466590
2019-03-22,4.32,4.416,4.314,4.416,348730
2019-03-25,4.19,4.32,4.18,4.3,468110
2019-03-26,4.172,4.216,4.06,4.216,469630
2019-03-27,4.234,4.266,4.052,4.142,399940
2019-03-28,4.16,4.304,4.146,4.294,254530
2019-03-29,4.178,4.212,4.13,4.2,238200
2019-04-01,4.16,4.246,4.154,4.2,407620
2019-04-02,4.108,4.222,4.07,4.222,466880
2019-04-03,4.222,4.24,4.128,4.128,262470
2019-04-04,4.188,4.25,4.164,4.234,242220
2019-04-05,4.19,4.23,4.156,4.228,395280
2019-04-08,4.12,4.218,4.12,4.206,345830
2019-04-09,4.118,4.174,4.09,4.132,253320
2019-04-10,4.13,4.192,4.122,4.122,248390
2019-04-11,4.254,4.258,4.15,4.184,711090
2019-04-12,4.24,4.376,4.192,4.26,815530
2019-04-15,4.278,4.372,4.256,4.298,302320
2019-04-16,4.294,4.336,4.278,4.318,224590
2019-04-17,4.302,4.35,4.29,4.29,405870
2019-04-18,4.3,4.348,4.3,4.346,339720
2019-04-23,4.258,4.316,4.244,4.31,274290
2019-04-24,4.202,4.28,4.15,4.26,449700
2019-04-25,4.664,4.664,4.242,4.296,2580000
2019-04-26,4.65,4.794,4.612,4.7,1260000
2019-04-29,4.7,4.75,4.61,4.61,858550
2019-04-30,4.8,4.856,4.746,4.768,822950
2019-05-02,4.918,4.946,4.782,4.87,787620
2019-05-03,4.83,4.966,4.822,4.93,363750
2019-05-06,4.692,4.75,4.632,4.75,513850
2019-05-07,4.632,4.748,4.612,4.7,437400
2019-05-08,4.636,4.66,4.57,4.61,312420
2019-05-09,4.548,4.65,4.474,4.65,397750
2019-05-10,4.646,4.68,4.592,4.646,323250
2019-05-13,4.512,4.74,4.478,4.7,539970
2019-05-14,4.584,4.612,4.514,4.554,251150
2019-05-15,4.56,4.618,4.472,4.55,334840
2019-05-16,4.53,4.598,4.5,4.598,222850
2019-05-17,4.554,4.634,4.504,4.63,453130
2019-05-20,4.536,4.666,4.518,4.666,420600
2019-05-21,4.48,4.576,4.436,4.576,1040000
2019-05-22,4.55,4.618,4.468,4.47,969440
2019-05-23,4.492,4.57,4.45,4.566,419080
2019-05-24,4.37,4.546,4.37,4.532,601010
2019-05-27,4.372,4.438,4.358,4.402,204530
2019-05-28,4.352,4.432,4.33,4.41,549870
2019-05-29,4.362,4.412,4.306,4.33,382960
2019-05-30,4.416,4.428,4.34,4.34,286960
2019-05-31,4.37,4.41,4.36,4.362,273160
2019-06-03,4.204,4.432,4.14,4.432,2630000
2019-06-04,4.322,4.388,4.16,4.236,1620000
2019-06-05,4.352,4.398,4.282,4.294,531430
2019-06-06,4.34,4.38,4.306,4.38,388030
2019-06-07,4.394,4.464,4.338,4.37,554590
